Entreprise,Offre
Novencia,Développeur.se Web – Stage/Alternance (F/H)
ISCOD,Chargé(e) de webmarketing et communication digitale en Alter...
S.R Investment Partners,Senior Data Scientist - Quantitative HFT
Chance,DATA ANALYST (M/F/D) - ALTERNANCE
LAFORÊT IMMOBILIER,Chargé de Dévt Transactions et Location (H/F) en apprentissa...
MGEN,Data Scientist
Formawave,Assistant de direction H/F - Alternance/Apprentissage/Profes...
Klugg,Contrat Alternance - Chargé de Communication
Sold Out,Développeur Python / Sneakers Bot - Alternance
ESTIAM,Alternance - Chargé(e) de développement RH
Total,ASSISTANT MARKETING DIGITAL EN ALTERNANCE
Crédit Agricole,ALTERNANCE - Analyste développeur SQL/VBA H/F
Formawave,Chargé de recrutement - Professionnalisation/Apprentissage/A...
ALLINSOURCING,Chargé de projet digital Marketing Epargne
Malakoff Humanis,Alternance - Chargé de projet Process Backoffice H/F
ALLINSOURCING,Chargé de projet digital Marketing Epargne
COLLEGE DE PARIS,Assistant(e) controleur de gestion en alternance (H/F)
Nexity Property Management,Apprenti(e) Assistant(e) RH - ALTERNANCE
SCOR,Alternance - Assistant du Manager
Devoteam,Alternance - Assistant(e) comptable trésorerie (H/F)
Food Love,Chargé de vente en alternance
Food Love,Chargé de communication junior en alternance
Clubeling,Alternance développeur fullstack
Altares-D&B,ALTERNANCE- Assistant(e) Administration du Personnel / Paie
Extia,Alternance - Chargé(e) de Communication / Marque Employeur -...
Intersport,Alternance - Data manager
IDECSI,Assistant(e) de Direction en alternance
Novencia,Développeur.se Web – Stage/Alternance (F/H)
ISCOD,Chargé(e) de communication et marketing digital - Alternance...
ALLINSOURCING,Chargé de projet digital Marketing Epargne
Day One,Alternance Développeur Full Stack JS 2020
Louis Vuitton,Alternance - Assistant(E) Achats Et Production PAP Femme (F/...
Dentego,Assistant dentaire en alternance H/F - DENTEGO Voltaire
Lydia App,Data Scientist
Ingeniance,DATA SCIENTIST - F/H
Cadreo,Data Scientist F/H
Novencia,Développeur.se Web – Stage/Alternance (F/H)
SEQENS,Chargé de Développement Foncier H/F - Alternance
PwC,"""Assistant(e) Sales & Marketing | Alternance | H/F"""
ESAGE,Assistant(e) de Manager – BTS SAM en alternance - Rentrée Oc...
ISCOD,Assistant administratif et commercial H/F - Alternance - Cha...
Malakoff Humanis,Alternance - Chargé de projet Process Backoffice H/F
Novencia,Développeur.se Web – Stage/Alternance (F/H)
ISCOD,Chargé(e) de communication et marketing digital - Alternance...
ISCOD,Assistant administratif et commercial H/F - Alternance - Cha...
SMAC,Alternance - Assistant(e) formation H/F
Excelya,Data Engineer
Paris Habitat,Chargé de recrutement - ALTERNANCE (H/F)
IRI,DATA ANALYST – CDI (H/F)
Paris Attitude,Alternance - Developpeur Web H/F
Junior Talent,Alternance - AXA Banque - Chargé(e) de projet Multicanal H/F
ATIXIS,Alternance - Assistant(e) Technique (H/F)
Dentego,Chargé(e) de Recrutement en alternance H/F
NATIXIS,Stage - 6 mois - Data Scientist (H/F) - Paris 13ème
COLAS,Assistant(e) Exploitation en alternance H/F
Novencia,Développeur.se Web – Stage/Alternance (F/H)
Malakoff Humanis,Alternance - Chargé de projet Process Backoffice H/F
Akor Alternance,Assistant comptable en alternance H/F
ISCOD,Chargé(e) de webmarketing et communication digitale en Alter...
WeBoost,Alternance - Développeur Laravel/VueJS (ou React)
LABORATOIRE CHATEAU ROUGE,Assistant de gestion en alternance H/F
ACTIVUS Group,Alternance - Chargé de recrutement (H/F)
Linkednutri,Alternance - Assistant administratif et financier
Teolia,CHARGE(E) DE RECRUTEMENT IT Alternance F/H
Aperlead,Chargée de recrutement (alternance) H/F
Colas Ile-de-France Normandie,Assistant(e) Exploitation en alternance H/F
Malakoff Humanis,Alternance - Chargé de projet Process Backoffice H/F
Cadreo,Data Analyst F/H
Shippeo,Data Engineer
ISCOD,Assistant administratif et commercial H/F - Alternance - Cha...
Novencia,Développeur.se Web – Stage/Alternance (F/H)
Malakoff Humanis,Alternance - Chargé de projet Process Backoffice H/F
Akor Alternance,Assistant comptable en alternance H/F
ISCOD,Chargé(e) de communication et marketing digital - Alternance...
ISCOD,Chargé(e) de webmarketing et communication digitale en Alter...
Dentego,Assistant dentaire en alternance H/F - DENTEGO Marx Dormoy
Cadreo,Data Analyst - Data Steward F/H
Audika,Alternance - Assistant(e) Qualité Relation Client
Getpro,Data Engineer AWS
I'm Ok,Assistant Marketing & Social - CONTRAT PRO / ALTERNANCE / ST...
Dentego,Assistant dentaire en alternance H/F - DENTEGO Porte d'Orlea...
Seine-Saint-Denis,"Chargé de projet culture, art et territoire - Contrat du 16..."
Discovery,ALTERNANCE Assistant(e) Commercial(e)
PROGRESS SANTE,Chargé(e) de Projets Marketing et Communication Digitale
KOZI TECHNOLOGY,"Développeur web / mobile Ionic Angular, H/F, 12 mois en alte..."
ISCOD,Assistant administratif et commercial H/F - Alternance - Cha...
Novencia,Développeur.se Web – Stage/Alternance (F/H)
Malakoff Humanis,Alternance - Chargé de projet Process Backoffice H/F
Akor Alternance,Assistant comptable en alternance H/F
ISCOD,Chargé(e) de communication et marketing digital - Alternance...
ISCOD,Chargé(e) de communication et marketing digital - Alternance...
Ingeniance,CDI - BIG DATA ENGINEER- F/H
Ubisoft,Alternance/Stage Janvier 2021 - EMEA Employee Experience Ass...
La Relève,Alternance - Assistant Product Owner
Discovery,ALTERNANCE Junior Revenue Analyst
Agence nationale des Jeux,Analyste de données F/H
TALENTIS HORIZON,DEVELOPPEUR MULTIMEDIA (H/F) EN ALTERNANCE
Groupe Poste Habitat - TOIT ET JOIE,"Chargé(e) de Développement Social, Urbain et Incivilités - E..."
Discovery,ALTERNANCE Assistant(e) développement RH
ALLINSOURCING,Chargé de projet digital Marketing Epargne
INVENTIV IT,Consultant Data Scientist (H/F)
ISCOD,Chargé(e) de webmarketing et communication digitale en Alter...
ISCOD,Assistant administratif et commercial H/F - Alternance - Cha...
Novencia,Développeur.se Web – Stage/Alternance (F/H)
Malakoff Humanis,Alternance - Chargé de projet Process Backoffice H/F
Akor Alternance,Assistant comptable en alternance H/F
ISCOD,Chargé(e) de communication et marketing digital - Alternance...
CPAM DE LA SEINE-SAINT-DENIS,EXPERT EN ANALYSES DE DONNEES / DATA SCIENTIST
TALENTIS HORIZON,Assistant marketing/commercial en alternance (H/F)
Bluescale,Data Engineer F/H
Cadreo,Technical Leader Data Engineer F/H
Ingeniance,DATA SCIENTIST CONFIRME- F/H
SOLINA,Assistant(e) Marketing H/F en alternance
Cadreo,Data Manager et Analyste Processus Gestion S&OP et GPEC F/H
BlaBlaCar,Junior Data Software Engineer - Warehouse
Generationnel,Chargé relation client - Energie (F-H) – Paris – Alternance
Alan Allman Associates,Consultant--Data Analyste
ISCOD,Assistant administratif et commercial H/F - Alternance - Cha...
ISCOD,Chargé(e) de webmarketing et communication digitale en Alter...
Novencia,Développeur.se Web – Stage/Alternance (F/H)
Malakoff Humanis,Alternance - Chargé de projet Process Backoffice H/F
Akor Alternance,Assistant comptable en alternance H/F
Novencia,Développeur.se Web – Stage/Alternance (F/H)
Malakoff Humanis,Alternance - Chargé de projet Process Backoffice H/F
Akor Alternance,Assistant comptable en alternance H/F
Haier,Chargé de Recrutement et Formation (H/F) – Stage ou Alternan...
DEKRA,Chargé(e) de Communication Digitale en Alternance H/F
S.R Investment Partners,Senior Data Scientist - Quantitative HFT
Tigersun media group,Chargé(e) de webmarketing (growth hacking) et communication...
Cadreo,Responsable Data Analyst F/H
ANCT / AGENCE NATIONALE DE LA COHESION DES TERRITO,"Chargé(e) de projet – Commissariat à l’aménagement, au dével..."
Navya,Stagiaire chargé de projets collaboratifs européens
Monster,Data Analyste Confirmé (H/F)
CRIT,Assistant ressources Humaines en alternance H/F
Monster,Chargé de projet Marketing Digital (H/F)
ISCOD,Chargé(e) de communication et marketing digital - Alternance...
ISCOD,Assistant administratif et commercial H/F - Alternance - Cha...
ISCOD,Chargé(e) de webmarketing et communication digitale en Alter...
Novencia,Développeur.se Web – Stage/Alternance (F/H)
Malakoff Humanis,Alternance - Chargé de projet Process Backoffice H/F
Akor Alternance,Assistant comptable en alternance H/F
Ubisoft,Stage Janvier 2021 - EMEA Brand Content Analyst Assistant (H...
Watura,Chargé(e) de projet pédagogique HSE (F/H)
Safran,Apprenti(e) HR Data analyst/Chargé de rémunération et contrô...
Highline Paris,Architecte chargé de projet pour un ensemble tertiaire
Lynx RH,Chargé de projets packaging (H/F)
ACH,Chargé d’affaires / Chef de projet F/H
Efrei,Chargé de projet Alumni (H/F)
LittleBigCode,Lead Data Scientist F/H
Cadreo,Data Analyste Confirmé F/H
LittleBigCode,Lead Data Engineer F/H
ISCOD,Chargé(e) de communication et marketing digital - Alternance...
ISCOD,Assistant administratif et commercial H/F - Alternance - Cha...
ISCOD,Chargé(e) de webmarketing et communication digitale en Alter...
Akor Alternance,Assistant comptable en alternance H/F
AFPA,Chef de projet/Chargé.e de mission - Certification - VAE - H...
Union Nationale des Caisses de Sécurité Sociale,EXPERT EN ANALYSES DE DONNEES / DATA SCIENTIST
Adéquat,Chargé de projet H/F
Highline Paris,Architecte chargé de projet pour un grand ensemble de logeme...
Cadreo,Manager Reporting Bi - Business Analyst F/H
COLLEGE DE PARIS,Alternance - Assistant Marketing (H/F)
COLLEGE DE PARIS,Assistant(e) controleur de gestion en alternance (H/F)
INVENTIV IT,Consultant technique Big Data / Data Engineer Confirmé / Sen...
ISCOD,Chargé(e) de communication et marketing digital - Alternance...
ISCOD,Assistant administratif et commercial H/F - Alternance - Cha...
ISCOD,Chargé(e) de webmarketing et communication digitale en Alter...
Novencia,Développeur.se Web – Stage/Alternance (F/H)
Malakoff Humanis,Alternance - Chargé de projet Process Backoffice H/F
ALLINSOURCING,Chargé de projet digital Marketing Epargne
ISCOD,Assistant commercial H/F - Alternance - Ile-de-France
Novencia,Développeur.se Web – Stage/Alternance (F/H)
Malakoff Humanis,Alternance - Chargé de projet Process Backoffice H/F
Akor Alternance,Assistant comptable en alternance H/F
Cadreo,Data Analyste Confirmé F/H
LittleBigCode,Lead Data Engineer F/H
AFPA,Chef de projet/Chargé.e de mission - Certification - VAE - H...
Union Nationale des Caisses de Sécurité Sociale,EXPERT EN ANALYSES DE DONNEES / DATA SCIENTIST
Adéquat,Chargé de projet H/F
Highline Paris,Architecte chargé de projet pour un grand ensemble de logeme...
Cadreo,Manager Reporting Bi - Business Analyst F/H
COLLEGE DE PARIS,Alternance - Assistant Marketing (H/F)
COLLEGE DE PARIS,Assistant(e) controleur de gestion en alternance (H/F)
INVENTIV IT,Consultant technique Big Data / Data Engineer Confirmé / Sen...
ISCOD,Chargé(e) de webmarketing et communication digitale en Alter...
ISCOD,Chargé(e) de communication et marketing digital - Alternance...
ISCOD,Assistant administratif et commercial H/F - Alternance - Cha...
ISCOD,Chargé(e) de webmarketing et communication digitale en Alter...
Cadreo,Data Analyste Confirmé F/H
LittleBigCode,Lead Data Engineer F/H
AFPA,Chef de projet/Chargé.e de mission - Certification - VAE - H...
Union Nationale des Caisses de Sécurité Sociale,EXPERT EN ANALYSES DE DONNEES / DATA SCIENTIST
Adéquat,Chargé de projet H/F
Highline Paris,Architecte chargé de projet pour un grand ensemble de logeme...
Cadreo,Manager Reporting Bi - Business Analyst F/H
COLLEGE DE PARIS,Alternance - Assistant Marketing (H/F)
COLLEGE DE PARIS,Assistant(e) controleur de gestion en alternance (H/F)
INVENTIV IT,Consultant technique Big Data / Data Engineer Confirmé / Sen...
ISCOD,Chargé(e) de communication et marketing digital - Alternance...
ISCOD,Assistant administratif et commercial H/F - Alternance - Cha...
Malakoff Humanis,Alternance - Chargé de projet Process Backoffice H/F
Akor Alternance,Assistant comptable en alternance H/F
Novencia,Développeur.se Web – Stage/Alternance (F/H)
ISCOD,Assistant administratif et commercial H/F - Alternance - Cha...
Cadreo,Data Analyste Confirmé F/H
LittleBigCode,Lead Data Engineer F/H
AFPA,Chef de projet/Chargé.e de mission - Certification - VAE - H...
Union Nationale des Caisses de Sécurité Sociale,EXPERT EN ANALYSES DE DONNEES / DATA SCIENTIST
Adéquat,Chargé de projet H/F
Highline Paris,Architecte chargé de projet pour un grand ensemble de logeme...
Cadreo,Manager Reporting Bi - Business Analyst F/H
COLLEGE DE PARIS,Alternance - Assistant Marketing (H/F)
COLLEGE DE PARIS,Assistant(e) controleur de gestion en alternance (H/F)
INVENTIV IT,Consultant technique Big Data / Data Engineer Confirmé / Sen...
ISCOD,Chargé(e) de webmarketing et communication digitale en Alter...
ISCOD,Chargé(e) de communication et marketing digital - Alternance...
Malakoff Humanis,Alternance - Chargé de projet Process Backoffice H/F
Akor Alternance,Assistant comptable en alternance H/F
Novencia,Développeur.se Web – Stage/Alternance (F/H)
Cadreo,Data Analyste Confirmé F/H
LittleBigCode,Lead Data Engineer F/H
AFPA,Chef de projet/Chargé.e de mission - Certification - VAE - H...
Union Nationale des Caisses de Sécurité Sociale,EXPERT EN ANALYSES DE DONNEES / DATA SCIENTIST
Adéquat,Chargé de projet H/F
Highline Paris,Architecte chargé de projet pour un grand ensemble de logeme...
Cadreo,Manager Reporting Bi - Business Analyst F/H
COLLEGE DE PARIS,Alternance - Assistant Marketing (H/F)
COLLEGE DE PARIS,Assistant(e) controleur de gestion en alternance (H/F)
INVENTIV IT,Consultant technique Big Data / Data Engineer Confirmé / Sen...
ISCOD,Chargé(e) de communication et marketing digital - Alternance...
ISCOD,Assistant administratif et commercial H/F - Alternance - Cha...
Novencia,Développeur.se Web – Stage/Alternance (F/H)
Malakoff Humanis,Alternance - Chargé de projet Process Backoffice H/F
Akor Alternance,Assistant comptable en alternance H/F
Akor Alternance,Assistant comptable en alternance H/F
ISCOD,Assistant administratif et commercial H/F - Alternance - Cha...
ISCOD,Chargé(e) de communication et marketing digital - Alternance...
Cadreo,Data Analyste Confirmé F/H
LittleBigCode,Lead Data Engineer F/H
AFPA,Chef de projet/Chargé.e de mission - Certification - VAE - H...
Union Nationale des Caisses de Sécurité Sociale,EXPERT EN ANALYSES DE DONNEES / DATA SCIENTIST
Adéquat,Chargé de projet H/F
Highline Paris,Architecte chargé de projet pour un grand ensemble de logeme...
Cadreo,Manager Reporting Bi - Business Analyst F/H
COLLEGE DE PARIS,Alternance - Assistant Marketing (H/F)
COLLEGE DE PARIS,Assistant(e) controleur de gestion en alternance (H/F)
INVENTIV IT,Consultant technique Big Data / Data Engineer Confirmé / Sen...
Novencia,Développeur.se Web – Stage/Alternance (F/H)
Malakoff Humanis,Alternance - Chargé de projet Process Backoffice H/F
ISCOD,Chargé(e) de webmarketing et communication digitale en Alter...
ISCOD,Assistant administratif et commercial H/F - Alternance - Cha...
ISCOD,Chargé(e) de communication et marketing digital - Alternance...
Novencia,Développeur.se Web – Stage/Alternance (F/H)
Malakoff Humanis,Alternance - Chargé de projet Process Backoffice H/F
Akor Alternance,Assistant comptable en alternance H/F
Cadreo,Data Analyste Confirmé F/H
LittleBigCode,Lead Data Engineer F/H
AFPA,Chef de projet/Chargé.e de mission - Certification - VAE - H...
Union Nationale des Caisses de Sécurité Sociale,EXPERT EN ANALYSES DE DONNEES / DATA SCIENTIST
Adéquat,Chargé de projet H/F
Highline Paris,Architecte chargé de projet pour un grand ensemble de logeme...
Cadreo,Manager Reporting Bi - Business Analyst F/H
COLLEGE DE PARIS,Alternance - Assistant Marketing (H/F)
COLLEGE DE PARIS,Assistant(e) controleur de gestion en alternance (H/F)
INVENTIV IT,Consultant technique Big Data / Data Engineer Confirmé / Sen...
ISCOD,Assistant administratif et commercial H/F - Alternance - Cha...
ISCOD,Chargé(e) de webmarketing et communication digitale en Alter...
ISCOD,Chargé(e) de communication et marketing digital - Alternance...
Novencia,Développeur.se Web – Stage/Alternance (F/H)
Malakoff Humanis,Alternance - Chargé de projet Process Backoffice H/F
Akor Alternance,Assistant comptable en alternance H/F
Cadreo,Data Analyste Confirmé F/H
LittleBigCode,Lead Data Engineer F/H
AFPA,Chef de projet/Chargé.e de mission - Certification - VAE - H...
Union Nationale des Caisses de Sécurité Sociale,EXPERT EN ANALYSES DE DONNEES / DATA SCIENTIST
Adéquat,Chargé de projet H/F
Highline Paris,Architecte chargé de projet pour un grand ensemble de logeme...
Cadreo,Manager Reporting Bi - Business Analyst F/H
COLLEGE DE PARIS,Alternance - Assistant Marketing (H/F)
COLLEGE DE PARIS,Assistant(e) controleur de gestion en alternance (H/F)
INVENTIV IT,Consultant technique Big Data / Data Engineer Confirmé / Sen...
ISCOD,Assistant administratif et commercial H/F - Alternance - Cha...
ISCOD,Chargé(e) de webmarketing et communication digitale en Alter...
ISCOD,Chargé(e) de communication et marketing digital - Alternance...
Novencia,Développeur.se Web – Stage/Alternance (F/H)
Malakoff Humanis,Alternance - Chargé de projet Process Backoffice H/F
Akor Alternance,Assistant comptable en alternance H/F
Cadreo,Data Analyste Confirmé F/H
LittleBigCode,Lead Data Engineer F/H
AFPA,Chef de projet/Chargé.e de mission - Certification - VAE - H...
Union Nationale des Caisses de Sécurité Sociale,EXPERT EN ANALYSES DE DONNEES / DATA SCIENTIST
Adéquat,Chargé de projet H/F
Highline Paris,Architecte chargé de projet pour un grand ensemble de logeme...
Cadreo,Manager Reporting Bi - Business Analyst F/H
COLLEGE DE PARIS,Alternance - Assistant Marketing (H/F)
COLLEGE DE PARIS,Assistant(e) controleur de gestion en alternance (H/F)
INVENTIV IT,Consultant technique Big Data / Data Engineer Confirmé / Sen...
ISCOD,Assistant administratif et commercial H/F - Alternance - Cha...
ISCOD,Chargé(e) de webmarketing et communication digitale en Alter...
ISCOD,Chargé(e) de communication et marketing digital - Alternance...
Novencia,Développeur.se Web – Stage/Alternance (F/H)
Malakoff Humanis,Alternance - Chargé de projet Process Backoffice H/F
Akor Alternance,Assistant comptable en alternance H/F
Cadreo,Data Analyste Confirmé F/H
LittleBigCode,Lead Data Engineer F/H
AFPA,Chef de projet/Chargé.e de mission - Certification - VAE - H...
Union Nationale des Caisses de Sécurité Sociale,EXPERT EN ANALYSES DE DONNEES / DATA SCIENTIST
Adéquat,Chargé de projet H/F
Highline Paris,Architecte chargé de projet pour un grand ensemble de logeme...
Cadreo,Manager Reporting Bi - Business Analyst F/H
COLLEGE DE PARIS,Alternance - Assistant Marketing (H/F)
COLLEGE DE PARIS,Assistant(e) controleur de gestion en alternance (H/F)
INVENTIV IT,Consultant technique Big Data / Data Engineer Confirmé / Sen...
ISCOD,Chargé(e) de webmarketing et communication digitale en Alter...
Novencia,Développeur.se Web – Stage/Alternance (F/H)
Malakoff Humanis,Alternance - Chargé de projet Process Backoffice H/F
Akor Alternance,Assistant comptable en alternance H/F
ISCOD,Chargé(e) de communication et marketing digital - Alternance...
ISCOD,Assistant administratif et commercial H/F - Alternance - Cha...
Cadreo,Data Analyste Confirmé F/H
LittleBigCode,Lead Data Engineer F/H
AFPA,Chef de projet/Chargé.e de mission - Certification - VAE - H...
Union Nationale des Caisses de Sécurité Sociale,EXPERT EN ANALYSES DE DONNEES / DATA SCIENTIST
Adéquat,Chargé de projet H/F
Highline Paris,Architecte chargé de projet pour un grand ensemble de logeme...
Cadreo,Manager Reporting Bi - Business Analyst F/H
COLLEGE DE PARIS,Alternance - Assistant Marketing (H/F)
COLLEGE DE PARIS,Assistant(e) controleur de gestion en alternance (H/F)
INVENTIV IT,Consultant technique Big Data / Data Engineer Confirmé / Sen...
ISCOD,Chargé(e) de webmarketing et communication digitale en Alter...
Novencia,Développeur.se Web – Stage/Alternance (F/H)
Malakoff Humanis,Alternance - Chargé de projet Process Backoffice H/F
Akor Alternance,Assistant comptable en alternance H/F
ISCOD,Chargé(e) de communication et marketing digital - Alternance...
ISCOD,Assistant administratif et commercial H/F - Alternance - Cha...
Cadreo,Data Analyste Confirmé F/H
LittleBigCode,Lead Data Engineer F/H
AFPA,Chef de projet/Chargé.e de mission - Certification - VAE - H...
Union Nationale des Caisses de Sécurité Sociale,EXPERT EN ANALYSES DE DONNEES / DATA SCIENTIST
Adéquat,Chargé de projet H/F
Highline Paris,Architecte chargé de projet pour un grand ensemble de logeme...
Cadreo,Manager Reporting Bi - Business Analyst F/H
COLLEGE DE PARIS,Alternance - Assistant Marketing (H/F)
COLLEGE DE PARIS,Assistant(e) controleur de gestion en alternance (H/F)
INVENTIV IT,Consultant technique Big Data / Data Engineer Confirmé / Sen...
Cadreo,Data Analyste Confirmé F/H
LittleBigCode,Lead Data Engineer F/H
AFPA,Chef de projet/Chargé.e de mission - Certification - VAE - H...
Union Nationale des Caisses de Sécurité Sociale,EXPERT EN ANALYSES DE DONNEES / DATA SCIENTIST
Adéquat,Chargé de projet H/F
Highline Paris,Architecte chargé de projet pour un grand ensemble de logeme...
Cadreo,Manager Reporting Bi - Business Analyst F/H
COLLEGE DE PARIS,Alternance - Assistant Marketing (H/F)
COLLEGE DE PARIS,Assistant(e) controleur de gestion en alternance (H/F)
INVENTIV IT,Consultant technique Big Data / Data Engineer Confirmé / Sen...
Novencia,Développeur.se Web – Stage/Alternance (F/H)
Malakoff Humanis,Alternance - Chargé de projet Process Backoffice H/F
Akor Alternance,Assistant comptable en alternance H/F
ISCOD,Chargé(e) de communication et marketing digital - Alternance...
ISCOD,Assistant administratif et commercial H/F - Alternance - Cha...
Cadreo,Data Analyste Confirmé F/H
LittleBigCode,Lead Data Engineer F/H
AFPA,Chef de projet/Chargé.e de mission - Certification - VAE - H...
Union Nationale des Caisses de Sécurité Sociale,EXPERT EN ANALYSES DE DONNEES / DATA SCIENTIST
Adéquat,Chargé de projet H/F
Highline Paris,Architecte chargé de projet pour un grand ensemble de logeme...
Cadreo,Manager Reporting Bi - Business Analyst F/H
COLLEGE DE PARIS,Alternance - Assistant Marketing (H/F)
COLLEGE DE PARIS,Assistant(e) controleur de gestion en alternance (H/F)
INVENTIV IT,Consultant technique Big Data / Data Engineer Confirmé / Sen...
Novencia,Développeur.se Web – Stage/Alternance (F/H)
Malakoff Humanis,Alternance - Chargé de projet Process Backoffice H/F
Akor Alternance,Assistant comptable en alternance H/F
ISCOD,Chargé(e) de communication et marketing digital - Alternance...
ISCOD,Assistant administratif et commercial H/F - Alternance - Cha...
Cadreo,Data Analyste Confirmé F/H
LittleBigCode,Lead Data Engineer F/H
AFPA,Chef de projet/Chargé.e de mission - Certification - VAE - H...
Union Nationale des Caisses de Sécurité Sociale,EXPERT EN ANALYSES DE DONNEES / DATA SCIENTIST
Adéquat,Chargé de projet H/F
Highline Paris,Architecte chargé de projet pour un grand ensemble de logeme...
Cadreo,Manager Reporting Bi - Business Analyst F/H
COLLEGE DE PARIS,Alternance - Assistant Marketing (H/F)
COLLEGE DE PARIS,Assistant(e) controleur de gestion en alternance (H/F)
INVENTIV IT,Consultant technique Big Data / Data Engineer Confirmé / Sen...
ISCOD,Assistant administratif et commercial H/F - Alternance - Cha...
Novencia,Développeur.se Web – Stage/Alternance (F/H)
Malakoff Humanis,Alternance - Chargé de projet Process Backoffice H/F
Akor Alternance,Assistant comptable en alternance H/F
ISCOD,Chargé(e) de communication et marketing digital - Alternance...
Cadreo,Data Analyste Confirmé F/H
LittleBigCode,Lead Data Engineer F/H
AFPA,Chef de projet/Chargé.e de mission - Certification - VAE - H...
Union Nationale des Caisses de Sécurité Sociale,EXPERT EN ANALYSES DE DONNEES / DATA SCIENTIST
Adéquat,Chargé de projet H/F
Highline Paris,Architecte chargé de projet pour un grand ensemble de logeme...
Cadreo,Manager Reporting Bi - Business Analyst F/H
COLLEGE DE PARIS,Alternance - Assistant Marketing (H/F)
COLLEGE DE PARIS,Assistant(e) controleur de gestion en alternance (H/F)
INVENTIV IT,Consultant technique Big Data / Data Engineer Confirmé / Sen...
ISCOD,Assistant administratif et commercial H/F - Alternance - Cha...
Novencia,Développeur.se Web – Stage/Alternance (F/H)
Malakoff Humanis,Alternance - Chargé de projet Process Backoffice H/F
Akor Alternance,Assistant comptable en alternance H/F
ISCOD,Chargé(e) de communication et marketing digital - Alternance...
Cadreo,Data Analyste Confirmé F/H
LittleBigCode,Lead Data Engineer F/H
AFPA,Chef de projet/Chargé.e de mission - Certification - VAE - H...
Union Nationale des Caisses de Sécurité Sociale,EXPERT EN ANALYSES DE DONNEES / DATA SCIENTIST
Adéquat,Chargé de projet H/F
Highline Paris,Architecte chargé de projet pour un grand ensemble de logeme...
Cadreo,Manager Reporting Bi - Business Analyst F/H
COLLEGE DE PARIS,Alternance - Assistant Marketing (H/F)
COLLEGE DE PARIS,Assistant(e) controleur de gestion en alternance (H/F)
INVENTIV IT,Consultant technique Big Data / Data Engineer Confirmé / Sen...
ISCOD,Assistant administratif et commercial H/F - Alternance - Cha...
Novencia,Développeur.se Web – Stage/Alternance (F/H)
Malakoff Humanis,Alternance - Chargé de projet Process Backoffice H/F
Akor Alternance,Assistant comptable en alternance H/F
ISCOD,Chargé(e) de communication et marketing digital - Alternance...
Novencia,Développeur.se Web – Stage/Alternance (F/H)
Malakoff Humanis,Alternance - Chargé de projet Process Backoffice H/F
Akor Alternance,Assistant comptable en alternance H/F
ISCOD,Chargé(e) de communication et marketing digital - Alternance...
ISCOD,Assistant administratif et commercial H/F - Alternance - Cha...
ISCOD,Chargé(e) de webmarketing et communication digitale en Alter...
Cadreo,Data Analyste Confirmé F/H
LittleBigCode,Lead Data Engineer F/H
AFPA,Chef de projet/Chargé.e de mission - Certification - VAE - H...
Union Nationale des Caisses de Sécurité Sociale,EXPERT EN ANALYSES DE DONNEES / DATA SCIENTIST
Adéquat,Chargé de projet H/F
Highline Paris,Architecte chargé de projet pour un grand ensemble de logeme...
Cadreo,Manager Reporting Bi - Business Analyst F/H
COLLEGE DE PARIS,Alternance - Assistant Marketing (H/F)
COLLEGE DE PARIS,Assistant(e) controleur de gestion en alternance (H/F)
INVENTIV IT,Consultant technique Big Data / Data Engineer Confirmé / Sen...
Cadreo,Data Analyste Confirmé F/H
LittleBigCode,Lead Data Engineer F/H
AFPA,Chef de projet/Chargé.e de mission - Certification - VAE - H...
Union Nationale des Caisses de Sécurité Sociale,EXPERT EN ANALYSES DE DONNEES / DATA SCIENTIST
Adéquat,Chargé de projet H/F
Highline Paris,Architecte chargé de projet pour un grand ensemble de logeme...
Cadreo,Manager Reporting Bi - Business Analyst F/H
COLLEGE DE PARIS,Alternance - Assistant Marketing (H/F)
COLLEGE DE PARIS,Assistant(e) controleur de gestion en alternance (H/F)
INVENTIV IT,Consultant technique Big Data / Data Engineer Confirmé / Sen...
ISCOD,Chargé(e) de communication et marketing digital - Alternance...
ISCOD,Assistant administratif et commercial H/F - Alternance - Cha...
Novencia,Développeur.se Web – Stage/Alternance (F/H)
Malakoff Humanis,Alternance - Chargé de projet Process Backoffice H/F
Akor Alternance,Assistant comptable en alternance H/F
Novencia,Développeur.se Web – Stage/Alternance (F/H)
Malakoff Humanis,Alternance - Chargé de projet Process Backoffice H/F
Cadreo,Data Analyste Confirmé F/H
LittleBigCode,Lead Data Engineer F/H
AFPA,Chef de projet/Chargé.e de mission - Certification - VAE - H...
Union Nationale des Caisses de Sécurité Sociale,EXPERT EN ANALYSES DE DONNEES / DATA SCIENTIST
Adéquat,Chargé de projet H/F
Highline Paris,Architecte chargé de projet pour un grand ensemble de logeme...
Cadreo,Manager Reporting Bi - Business Analyst F/H
COLLEGE DE PARIS,Alternance - Assistant Marketing (H/F)
COLLEGE DE PARIS,Assistant(e) controleur de gestion en alternance (H/F)
INVENTIV IT,Consultant technique Big Data / Data Engineer Confirmé / Sen...
Akor Alternance,Assistant comptable en alternance H/F
ISCOD,Chargé(e) de communication et marketing digital - Alternance...
ISCOD,Assistant administratif et commercial H/F - Alternance - Cha...
ISCOD,Chargé(e) de webmarketing et communication digitale en Alter...
Cadreo,Data Analyste Confirmé F/H
LittleBigCode,Lead Data Engineer F/H
AFPA,Chef de projet/Chargé.e de mission - Certification - VAE - H...
Union Nationale des Caisses de Sécurité Sociale,EXPERT EN ANALYSES DE DONNEES / DATA SCIENTIST
Adéquat,Chargé de projet H/F
Highline Paris,Architecte chargé de projet pour un grand ensemble de logeme...
Cadreo,Manager Reporting Bi - Business Analyst F/H
COLLEGE DE PARIS,Alternance - Assistant Marketing (H/F)
COLLEGE DE PARIS,Assistant(e) controleur de gestion en alternance (H/F)
INVENTIV IT,Consultant technique Big Data / Data Engineer Confirmé / Sen...
Novencia,Développeur.se Web – Stage/Alternance (F/H)
Malakoff Humanis,Alternance - Chargé de projet Process Backoffice H/F
Akor Alternance,Assistant comptable en alternance H/F
ISCOD,Chargé(e) de communication et marketing digital - Alternance...
ISCOD,Assistant administratif et commercial H/F - Alternance - Cha...
ISCOD,Chargé(e) de webmarketing et communication digitale en Alter...
Cadreo,Data Analyste Confirmé F/H
LittleBigCode,Lead Data Engineer F/H
AFPA,Chef de projet/Chargé.e de mission - Certification - VAE - H...
Union Nationale des Caisses de Sécurité Sociale,EXPERT EN ANALYSES DE DONNEES / DATA SCIENTIST
Adéquat,Chargé de projet H/F
Highline Paris,Architecte chargé de projet pour un grand ensemble de logeme...
Cadreo,Manager Reporting Bi - Business Analyst F/H
COLLEGE DE PARIS,Alternance - Assistant Marketing (H/F)
COLLEGE DE PARIS,Assistant(e) controleur de gestion en alternance (H/F)
INVENTIV IT,Consultant technique Big Data / Data Engineer Confirmé / Sen...
Novencia,Développeur.se Web – Stage/Alternance (F/H)
Malakoff Humanis,Alternance - Chargé de projet Process Backoffice H/F
Akor Alternance,Assistant comptable en alternance H/F
ISCOD,Chargé(e) de communication et marketing digital - Alternance...
ISCOD,Assistant administratif et commercial H/F - Alternance - Cha...
ISCOD,Chargé(e) de webmarketing et communication digitale en Alter...
Cadreo,Data Analyste Confirmé F/H
LittleBigCode,Lead Data Engineer F/H
AFPA,Chef de projet/Chargé.e de mission - Certification - VAE - H...
Union Nationale des Caisses de Sécurité Sociale,EXPERT EN ANALYSES DE DONNEES / DATA SCIENTIST
Adéquat,Chargé de projet H/F
Highline Paris,Architecte chargé de projet pour un grand ensemble de logeme...
Cadreo,Manager Reporting Bi - Business Analyst F/H
COLLEGE DE PARIS,Alternance - Assistant Marketing (H/F)
COLLEGE DE PARIS,Assistant(e) controleur de gestion en alternance (H/F)
INVENTIV IT,Consultant technique Big Data / Data Engineer Confirmé / Sen...
Novencia,Développeur.se Web – Stage/Alternance (F/H)
Malakoff Humanis,Alternance - Chargé de projet Process Backoffice H/F
Akor Alternance,Assistant comptable en alternance H/F
ISCOD,Chargé(e) de communication et marketing digital - Alternance...
ISCOD,Assistant administratif et commercial H/F - Alternance - Cha...
ISCOD,Chargé(e) de webmarketing et communication digitale en Alter...
Cadreo,Data Analyste Confirmé F/H
LittleBigCode,Lead Data Engineer F/H
AFPA,Chef de projet/Chargé.e de mission - Certification - VAE - H...
Union Nationale des Caisses de Sécurité Sociale,EXPERT EN ANALYSES DE DONNEES / DATA SCIENTIST
Adéquat,Chargé de projet H/F
Highline Paris,Architecte chargé de projet pour un grand ensemble de logeme...
Cadreo,Manager Reporting Bi - Business Analyst F/H
COLLEGE DE PARIS,Alternance - Assistant Marketing (H/F)
COLLEGE DE PARIS,Assistant(e) controleur de gestion en alternance (H/F)
INVENTIV IT,Consultant technique Big Data / Data Engineer Confirmé / Sen...
Novencia,Développeur.se Web – Stage/Alternance (F/H)
Malakoff Humanis,Alternance - Chargé de projet Process Backoffice H/F
Akor Alternance,Assistant comptable en alternance H/F
ISCOD,Chargé(e) de communication et marketing digital - Alternance...
ISCOD,Assistant administratif et commercial H/F - Alternance - Cha...
ISCOD,Assistant administratif et commercial H/F - Alternance - Cha...
Cadreo,Data Analyste Confirmé F/H
LittleBigCode,Lead Data Engineer F/H
AFPA,Chef de projet/Chargé.e de mission - Certification - VAE - H...
Union Nationale des Caisses de Sécurité Sociale,EXPERT EN ANALYSES DE DONNEES / DATA SCIENTIST
Adéquat,Chargé de projet H/F
Highline Paris,Architecte chargé de projet pour un grand ensemble de logeme...
Cadreo,Manager Reporting Bi - Business Analyst F/H
COLLEGE DE PARIS,Alternance - Assistant Marketing (H/F)
COLLEGE DE PARIS,Assistant(e) controleur de gestion en alternance (H/F)
INVENTIV IT,Consultant technique Big Data / Data Engineer Confirmé / Sen...
Akor Alternance,Assistant comptable en alternance H/F
ISCOD,Chargé(e) de communication et marketing digital - Alternance...
Novencia,Développeur.se Web – Stage/Alternance (F/H)
Malakoff Humanis,Alternance - Chargé de projet Process Backoffice H/F
ISCOD,Assistant administratif et commercial H/F - Alternance - Cha...
Cadreo,Data Analyste Confirmé F/H
LittleBigCode,Lead Data Engineer F/H
AFPA,Chef de projet/Chargé.e de mission - Certification - VAE - H...
Union Nationale des Caisses de Sécurité Sociale,EXPERT EN ANALYSES DE DONNEES / DATA SCIENTIST
Adéquat,Chargé de projet H/F
Highline Paris,Architecte chargé de projet pour un grand ensemble de logeme...
Cadreo,Manager Reporting Bi - Business Analyst F/H
COLLEGE DE PARIS,Alternance - Assistant Marketing (H/F)
COLLEGE DE PARIS,Assistant(e) controleur de gestion en alternance (H/F)
INVENTIV IT,Consultant technique Big Data / Data Engineer Confirmé / Sen...
Akor Alternance,Assistant comptable en alternance H/F
ISCOD,Chargé(e) de communication et marketing digital - Alternance...
Novencia,Développeur.se Web – Stage/Alternance (F/H)
Malakoff Humanis,Alternance - Chargé de projet Process Backoffice H/F
ISCOD,Assistant administratif et commercial H/F - Alternance - Cha...
Novencia,Développeur.se Web – Stage/Alternance (F/H)
Malakoff Humanis,Alternance - Chargé de projet Process Backoffice H/F
Akor Alternance,Assistant comptable en alternance H/F
ISCOD,Chargé(e) de communication et marketing digital - Alternance...
Cadreo,Data Analyste Confirmé F/H
LittleBigCode,Lead Data Engineer F/H
AFPA,Chef de projet/Chargé.e de mission - Certification - VAE - H...
Union Nationale des Caisses de Sécurité Sociale,EXPERT EN ANALYSES DE DONNEES / DATA SCIENTIST
Adéquat,Chargé de projet H/F
Highline Paris,Architecte chargé de projet pour un grand ensemble de logeme...
Cadreo,Manager Reporting Bi - Business Analyst F/H
COLLEGE DE PARIS,Alternance - Assistant Marketing (H/F)
COLLEGE DE PARIS,Assistant(e) controleur de gestion en alternance (H/F)
INVENTIV IT,Consultant technique Big Data / Data Engineer Confirmé / Sen...
ISCOD,Assistant administratif et commercial H/F - Alternance - Cha...
Novencia,Développeur.se Web – Stage/Alternance (F/H)
Malakoff Humanis,Alternance - Chargé de projet Process Backoffice H/F
Akor Alternance,Assistant comptable en alternance H/F
ISCOD,Chargé(e) de communication et marketing digital - Alternance...
Cadreo,Data Analyste Confirmé F/H
LittleBigCode,Lead Data Engineer F/H
AFPA,Chef de projet/Chargé.e de mission - Certification - VAE - H...
Union Nationale des Caisses de Sécurité Sociale,EXPERT EN ANALYSES DE DONNEES / DATA SCIENTIST
Adéquat,Chargé de projet H/F
Highline Paris,Architecte chargé de projet pour un grand ensemble de logeme...
Cadreo,Manager Reporting Bi - Business Analyst F/H
COLLEGE DE PARIS,Alternance - Assistant Marketing (H/F)
COLLEGE DE PARIS,Assistant(e) controleur de gestion en alternance (H/F)
INVENTIV IT,Consultant technique Big Data / Data Engineer Confirmé / Sen...
Novencia,Développeur.se Web – Stage/Alternance (F/H)
Malakoff Humanis,Alternance - Chargé de projet Process Backoffice H/F
Akor Alternance,Assistant comptable en alternance H/F
ISCOD,Chargé(e) de communication et marketing digital - Alternance...
ISCOD,Assistant administratif et commercial H/F - Alternance - Cha...
Cadreo,Data Analyste Confirmé F/H
LittleBigCode,Lead Data Engineer F/H
AFPA,Chef de projet/Chargé.e de mission - Certification - VAE - H...
Union Nationale des Caisses de Sécurité Sociale,EXPERT EN ANALYSES DE DONNEES / DATA SCIENTIST
Adéquat,Chargé de projet H/F
Highline Paris,Architecte chargé de projet pour un grand ensemble de logeme...
Cadreo,Manager Reporting Bi - Business Analyst F/H
COLLEGE DE PARIS,Alternance - Assistant Marketing (H/F)
COLLEGE DE PARIS,Assistant(e) controleur de gestion en alternance (H/F)
INVENTIV IT,Consultant technique Big Data / Data Engineer Confirmé / Sen...
Novencia,Développeur.se Web – Stage/Alternance (F/H)
Malakoff Humanis,Alternance - Chargé de projet Process Backoffice H/F
Akor Alternance,Assistant comptable en alternance H/F
ISCOD,Chargé(e) de communication et marketing digital - Alternance...
ISCOD,Assistant administratif et commercial H/F - Alternance - Cha...
Cadreo,Data Analyste Confirmé F/H
LittleBigCode,Lead Data Engineer F/H
AFPA,Chef de projet/Chargé.e de mission - Certification - VAE - H...
Union Nationale des Caisses de Sécurité Sociale,EXPERT EN ANALYSES DE DONNEES / DATA SCIENTIST
Adéquat,Chargé de projet H/F
Highline Paris,Architecte chargé de projet pour un grand ensemble de logeme...
Cadreo,Manager Reporting Bi - Business Analyst F/H
COLLEGE DE PARIS,Alternance - Assistant Marketing (H/F)
COLLEGE DE PARIS,Assistant(e) controleur de gestion en alternance (H/F)
INVENTIV IT,Consultant technique Big Data / Data Engineer Confirmé / Sen...
Novencia,Développeur.se Web – Stage/Alternance (F/H)
Malakoff Humanis,Alternance - Chargé de projet Process Backoffice H/F
Cadreo,Data Analyste Confirmé F/H
LittleBigCode,Lead Data Engineer F/H
AFPA,Chef de projet/Chargé.e de mission - Certification - VAE - H...
Union Nationale des Caisses de Sécurité Sociale,EXPERT EN ANALYSES DE DONNEES / DATA SCIENTIST
Adéquat,Chargé de projet H/F
Highline Paris,Architecte chargé de projet pour un grand ensemble de logeme...
Cadreo,Manager Reporting Bi - Business Analyst F/H
COLLEGE DE PARIS,Alternance - Assistant Marketing (H/F)
COLLEGE DE PARIS,Assistant(e) controleur de gestion en alternance (H/F)
INVENTIV IT,Consultant technique Big Data / Data Engineer Confirmé / Sen...
Akor Alternance,Assistant comptable en alternance H/F
ISCOD,Chargé(e) de communication et marketing digital - Alternance...
ISCOD,Assistant administratif et commercial H/F - Alternance - Cha...
Novencia,Développeur.se Web – Stage/Alternance (F/H)
Malakoff Humanis,Alternance - Chargé de projet Process Backoffice H/F
Cadreo,Data Analyste Confirmé F/H
LittleBigCode,Lead Data Engineer F/H
AFPA,Chef de projet/Chargé.e de mission - Certification - VAE - H...
Union Nationale des Caisses de Sécurité Sociale,EXPERT EN ANALYSES DE DONNEES / DATA SCIENTIST
Adéquat,Chargé de projet H/F
Highline Paris,Architecte chargé de projet pour un grand ensemble de logeme...
Cadreo,Manager Reporting Bi - Business Analyst F/H
COLLEGE DE PARIS,Alternance - Assistant Marketing (H/F)
COLLEGE DE PARIS,Assistant(e) controleur de gestion en alternance (H/F)
INVENTIV IT,Consultant technique Big Data / Data Engineer Confirmé / Sen...
Akor Alternance,Assistant comptable en alternance H/F
ISCOD,Chargé(e) de communication et marketing digital - Alternance...
ISCOD,Assistant administratif et commercial H/F - Alternance - Cha...
Novencia,Développeur.se Web – Stage/Alternance (F/H)
Malakoff Humanis,Alternance - Chargé de projet Process Backoffice H/F
Cadreo,Data Analyste Confirmé F/H
LittleBigCode,Lead Data Engineer F/H
AFPA,Chef de projet/Chargé.e de mission - Certification - VAE - H...
Union Nationale des Caisses de Sécurité Sociale,EXPERT EN ANALYSES DE DONNEES / DATA SCIENTIST
Adéquat,Chargé de projet H/F
Highline Paris,Architecte chargé de projet pour un grand ensemble de logeme...
Cadreo,Manager Reporting Bi - Business Analyst F/H
COLLEGE DE PARIS,Alternance - Assistant Marketing (H/F)
COLLEGE DE PARIS,Assistant(e) controleur de gestion en alternance (H/F)
INVENTIV IT,Consultant technique Big Data / Data Engineer Confirmé / Sen...
Akor Alternance,Assistant comptable en alternance H/F
ISCOD,Chargé(e) de communication et marketing digital - Alternance...
ISCOD,Assistant administratif et commercial H/F - Alternance - Cha...
Novencia,Développeur.se Web – Stage/Alternance (F/H)
Malakoff Humanis,Alternance - Chargé de projet Process Backoffice H/F
Cadreo,Data Analyste Confirmé F/H
LittleBigCode,Lead Data Engineer F/H
AFPA,Chef de projet/Chargé.e de mission - Certification - VAE - H...
Union Nationale des Caisses de Sécurité Sociale,EXPERT EN ANALYSES DE DONNEES / DATA SCIENTIST
Adéquat,Chargé de projet H/F
Highline Paris,Architecte chargé de projet pour un grand ensemble de logeme...
Cadreo,Manager Reporting Bi - Business Analyst F/H
COLLEGE DE PARIS,Alternance - Assistant Marketing (H/F)
COLLEGE DE PARIS,Assistant(e) controleur de gestion en alternance (H/F)
INVENTIV IT,Consultant technique Big Data / Data Engineer Confirmé / Sen...
Akor Alternance,Assistant comptable en alternance H/F
ISCOD,Chargé(e) de communication et marketing digital - Alternance...
ISCOD,Assistant administratif et commercial H/F - Alternance - Cha...
Novencia,Développeur.se Web – Stage/Alternance (F/H)
Malakoff Humanis,Alternance - Chargé de projet Process Backoffice H/F
Cadreo,Data Analyste Confirmé F/H
LittleBigCode,Lead Data Engineer F/H
AFPA,Chef de projet/Chargé.e de mission - Certification - VAE - H...
Union Nationale des Caisses de Sécurité Sociale,EXPERT EN ANALYSES DE DONNEES / DATA SCIENTIST
Adéquat,Chargé de projet H/F
Highline Paris,Architecte chargé de projet pour un grand ensemble de logeme...
Cadreo,Manager Reporting Bi - Business Analyst F/H
COLLEGE DE PARIS,Alternance - Assistant Marketing (H/F)
COLLEGE DE PARIS,Assistant(e) controleur de gestion en alternance (H/F)
INVENTIV IT,Consultant technique Big Data / Data Engineer Confirmé / Sen...
Akor Alternance,Assistant comptable en alternance H/F
ISCOD,Chargé(e) de communication et marketing digital - Alternance...
ISCOD,Assistant administratif et commercial H/F - Alternance - Cha...
Novencia,Développeur.se Web – Stage/Alternance (F/H)
Malakoff Humanis,Alternance - Chargé de projet Process Backoffice H/F
Cadreo,Data Analyste Confirmé F/H
LittleBigCode,Lead Data Engineer F/H
AFPA,Chef de projet/Chargé.e de mission - Certification - VAE - H...
Union Nationale des Caisses de Sécurité Sociale,EXPERT EN ANALYSES DE DONNEES / DATA SCIENTIST
Adéquat,Chargé de projet H/F
Highline Paris,Architecte chargé de projet pour un grand ensemble de logeme...
Cadreo,Manager Reporting Bi - Business Analyst F/H
COLLEGE DE PARIS,Alternance - Assistant Marketing (H/F)
COLLEGE DE PARIS,Assistant(e) controleur de gestion en alternance (H/F)
INVENTIV IT,Consultant technique Big Data / Data Engineer Confirmé / Sen...
Akor Alternance,Assistant comptable en alternance H/F
ISCOD,Chargé(e) de communication et marketing digital - Alternance...
ISCOD,Assistant administratif et commercial H/F - Alternance - Cha...
ISCOD,Assistant administratif et commercial H/F - Alternance - Cha...
Novencia,Développeur.se Web – Stage/Alternance (F/H)
Malakoff Humanis,Alternance - Chargé de projet Process Backoffice H/F
Akor Alternance,Assistant comptable en alternance H/F
ISCOD,Chargé(e) de communication et marketing digital - Alternance...
Cadreo,Data Analyste Confirmé F/H
LittleBigCode,Lead Data Engineer F/H
AFPA,Chef de projet/Chargé.e de mission - Certification - VAE - H...
Union Nationale des Caisses de Sécurité Sociale,EXPERT EN ANALYSES DE DONNEES / DATA SCIENTIST
Adéquat,Chargé de projet H/F
Highline Paris,Architecte chargé de projet pour un grand ensemble de logeme...
Cadreo,Manager Reporting Bi - Business Analyst F/H
COLLEGE DE PARIS,Alternance - Assistant Marketing (H/F)
COLLEGE DE PARIS,Assistant(e) controleur de gestion en alternance (H/F)
INVENTIV IT,Consultant technique Big Data / Data Engineer Confirmé / Sen...
Novencia,Développeur.se Web – Stage/Alternance (F/H)
Akor Alternance,Assistant comptable en alternance H/F
ISCOD,Chargé(e) de communication et marketing digital - Alternance...
ISCOD,Assistant administratif et commercial H/F - Alternance - Cha...
Cadreo,Data Analyste Confirmé F/H
LittleBigCode,Lead Data Engineer F/H
AFPA,Chef de projet/Chargé.e de mission - Certification - VAE - H...
Union Nationale des Caisses de Sécurité Sociale,EXPERT EN ANALYSES DE DONNEES / DATA SCIENTIST
Adéquat,Chargé de projet H/F
Highline Paris,Architecte chargé de projet pour un grand ensemble de logeme...
Cadreo,Manager Reporting Bi - Business Analyst F/H
COLLEGE DE PARIS,Alternance - Assistant Marketing (H/F)
COLLEGE DE PARIS,Assistant(e) controleur de gestion en alternance (H/F)
INVENTIV IT,Consultant technique Big Data / Data Engineer Confirmé / Sen...
Malakoff Humanis,Alternance - Chargé de projet Process Backoffice H/F
ISCOD,Assistant administratif et commercial H/F - Alternance - Cha...
Novencia,Développeur.se Web – Stage/Alternance (F/H)
Malakoff Humanis,Alternance - Chargé de projet Process Backoffice H/F
Akor Alternance,Assistant comptable en alternance H/F
ISCOD,Chargé(e) de communication et marketing digital - Alternance...
Cadreo,Data Analyste Confirmé F/H
LittleBigCode,Lead Data Engineer F/H
AFPA,Chef de projet/Chargé.e de mission - Certification - VAE - H...
Union Nationale des Caisses de Sécurité Sociale,EXPERT EN ANALYSES DE DONNEES / DATA SCIENTIST
Adéquat,Chargé de projet H/F
Highline Paris,Architecte chargé de projet pour un grand ensemble de logeme...
Cadreo,Manager Reporting Bi - Business Analyst F/H
COLLEGE DE PARIS,Alternance - Assistant Marketing (H/F)
COLLEGE DE PARIS,Assistant(e) controleur de gestion en alternance (H/F)
INVENTIV IT,Consultant technique Big Data / Data Engineer Confirmé / Sen...
Cadreo,Data Analyste Confirmé F/H
LittleBigCode,Lead Data Engineer F/H
AFPA,Chef de projet/Chargé.e de mission - Certification - VAE - H...
Union Nationale des Caisses de Sécurité Sociale,EXPERT EN ANALYSES DE DONNEES / DATA SCIENTIST
Adéquat,Chargé de projet H/F
Highline Paris,Architecte chargé de projet pour un grand ensemble de logeme...
Cadreo,Manager Reporting Bi - Business Analyst F/H
COLLEGE DE PARIS,Alternance - Assistant Marketing (H/F)
COLLEGE DE PARIS,Assistant(e) controleur de gestion en alternance (H/F)
INVENTIV IT,Consultant technique Big Data / Data Engineer Confirmé / Sen...
ISCOD,Chargé(e) de communication et marketing digital - Alternance...
ISCOD,Assistant administratif et commercial H/F - Alternance - Cha...
Novencia,Développeur.se Web – Stage/Alternance (F/H)
Malakoff Humanis,Alternance - Chargé de projet Process Backoffice H/F
Akor Alternance,Assistant comptable en alternance H/F
