Entreprise,Offre,Lieu,URL
SKILL AND YOU,Chargé(e)s de gestion locative en Alternance,- Paris 8e (75),https://www.indeed.fr/jobs?q=Alternance%20data&l=Paris%20(75)&fromage=14&advn=4144094185603018&vjk=562ed353b777dbbd
Novencia,Développeur.se Web – Stage/Alternance (F/H),- Paris (75),https://www.indeed.fr/jobs?q=Alternance%20data&l=Paris%20(75)&fromage=14&advn=3169512197567231&vjk=52d1545de1e6f3ad
SPEAKING AGENCY,Data Analyst H/F,- Paris 12e (75),https://www.indeed.fr/jobs?q=Alternance%20data&l=Paris%20(75)&fromage=14&advn=6477894906279631&vjk=963ab0f2b3c6050d
GROUPE GIFT,ALTERNANCE – Chargé de la relation client H/F,- Paris (75),https://www.indeed.fr/jobs?q=Alternance%20data&l=Paris%20(75)&fromage=14&advn=5143428301952681&vjk=19b16872ad5e9fce
Chance,DATA ANALYST (M/F/D) - ALTERNANCE,- Paris (75),https://www.indeed.fr/jobs?q=Alternance%20data&l=Paris%20(75)&fromage=14&vjk=ed8eff2d07fbebdb
GROUPE GIFT,ALTERNANCE - Chargé de développement commercial H/F,- Paris (75),https://www.indeed.fr/jobs?q=Alternance%20data&l=Paris%20(75)&fromage=14&vjk=98d476de0c01a95a&advn=5143428301952681
LABORATOIRE CHATEAU ROUGE,Assistant de gestion en alternance H/F,- Malakoff (92),https://www.indeed.fr/jobs?q=Alternance%20data&l=Paris%20(75)&fromage=14&vjk=503d3efa8afb26b5&advn=1770914710882674
HURRYMAN,Technical Data Analyst (F/H),- Paris (75),https://www.indeed.fr/jobs?q=Alternance%20data&l=Paris%20(75)&fromage=14&vjk=d49d2d1c74469536&advn=8646775723485361
GROUPE GIFT,ALTERNANCE – Assistant Marketing et Commercial H/F,- Paris (75),https://www.indeed.fr/jobs?q=Alternance%20data&l=Paris%20(75)&fromage=14&vjk=7bff1ab92ee5ad2e&advn=5143428301952681
GROUPE GIFT,ALTERNANCE – Assistant Chef de produits marketing H/F,- Paris (75),https://www.indeed.fr/jobs?q=Alternance%20data&l=Paris%20(75)&fromage=14&vjk=f2dc8eaf10edeeb9&advn=5143428301952681
MEFACTORY,DATA SCIENTIST H/F - Stage ou alternance,- La Garenne-Colombes (92),https://www.indeed.fr/jobs?q=Alternance%20data&l=Paris%20(75)&fromage=14&vjk=3ba80cdb2f7ada49
VASPP,Développeur web full stack H/F pour ERP en alternance,- Paris 9e (75),https://www.indeed.fr/jobs?q=Alternance%20data&l=Paris%20(75)&fromage=14&vjk=0e15ffaf1e8eabd4
Publicis Media,Alternance - Assistant Directeur Data Management (H/F),- Paris (75),https://www.indeed.fr/jobs?q=Alternance%20data&l=Paris%20(75)&fromage=14&vjk=cb08e945525e4134
Supermood,Data Analyst (Alternance),- Paris (75),https://www.indeed.fr/jobs?q=Alternance%20data&l=Paris%20(75)&fromage=14&vjk=65983b233da0f56d
Saint-Gobain,Data Analyst en Alternance (H/F) - Paris 19e (H/F),- Paris (75),https://www.indeed.fr/jobs?q=Alternance%20data&l=Paris%20(75)&fromage=14&vjk=d6f578360821e3d5
EGROUPE,Data scientist,- Paris (75),https://www.indeed.fr/jobs?q=Alternance%20data&l=Paris%20(75)&fromage=14&start=10&advn=2715648309700515&vjk=c6a15b071035c70e
Garantme,DATA SCIENTIST H/F,- Paris (75),https://www.indeed.fr/jobs?q=Alternance%20data&l=Paris%20(75)&fromage=14&start=10&vjk=4a0f3fd429827ef7
Supermood,Data Scientist (Internship),- Paris (75),https://www.indeed.fr/jobs?q=Alternance%20data&l=Paris%20(75)&fromage=14&start=10&vjk=2e73252ecb6221ac
Outmind,NLP DATA SCIENTIST (STAGE FIN D'ÉTUDES / ALTERNANCE),- Paris (75),https://www.indeed.fr/jobs?q=Alternance%20data&l=Paris%20(75)&fromage=14&start=10&vjk=4afa25de17215b3b
N/A,N/A,N/A,https://www.indeed.fr/jobs?q=Alternance%20data&l=Paris%20(75)&fromage=14&start=10&vjk=a92271c003d1770f
Dataiku,Data Scientist - Paris,- Paris (75),https://www.indeed.fr/jobs?q=Alternance%20data&l=Paris%20(75)&fromage=14&start=10&vjk=2319caacffe878a6
N/A,N/A,N/A,https://www.indeed.fr/jobs?q=Alternance%20data&l=Paris%20(75)&fromage=14&start=10&vjk=59e85ec9ecb06596
N/A,N/A,N/A,https://www.indeed.fr/jobs?q=Alternance%20data&l=Paris%20(75)&fromage=14&start=10&vjk=1823973915b43b12
N/A,N/A,N/A,https://www.indeed.fr/jobs?q=Alternance%20data&l=Paris%20(75)&fromage=14&start=10&vjk=a2e605bbf36456e6
N/A,N/A,N/A,https://www.indeed.fr/jobs?q=Alternance%20data&l=Paris%20(75)&fromage=14&start=10&vjk=06dd782251355b73
N/A,N/A,N/A,https://www.indeed.fr/jobs?q=Alternance%20data&l=Paris%20(75)&fromage=14&start=10&vjk=cf84805b32cbd065
N/A,N/A,N/A,https://www.indeed.fr/jobs?q=Alternance%20data&l=Paris%20(75)&fromage=14&start=10&vjk=1b1ff56086ef1f30
N/A,N/A,N/A,https://www.indeed.fr/jobs?q=Alternance%20data&l=Paris%20(75)&fromage=14&start=10&vjk=37f61d3316842fe2
N/A,N/A,N/A,https://www.indeed.fr/jobs?q=Alternance%20data&l=Paris%20(75)&fromage=14&start=10&vjk=d9e840ba098b18de
N/A,N/A,N/A,https://www.indeed.fr/jobs?q=Alternance%20data&l=Paris%20(75)&fromage=14&start=10&vjk=50ac05ac4a0ef892
Groupe GSRI - Geoscan Structure & Réhabilitation Ingénierie,Stage en Alternance : Assistant de laboratoire H/F,- Île-de-France,https://www.indeed.fr/jobs?q=Alternance%20data&l=Paris%20(75)&fromage=14&start=20&advn=8842499751391061&vjk=8aa16c496373313a
COLLEGE DE PARIS,Alternance - Assistant Marketing (H/F),- Noisiel (77),https://www.indeed.fr/jobs?q=Alternance%20data&l=Paris%20(75)&fromage=14&start=20&advn=7736870941523477&vjk=4ab9864bc48ea6be
OCUS,Data Analyst,- Paris (75),https://www.indeed.fr/jobs?q=Alternance%20data&l=Paris%20(75)&fromage=14&start=20&vjk=5991fed348a64872
Intersport,Alternance - Data manager,- Longjumeau (91),https://www.indeed.fr/jobs?q=Alternance%20data&l=Paris%20(75)&fromage=14&start=20&vjk=fa1ffd4b590e0496
N/A,N/A,N/A,https://www.indeed.fr/jobs?q=Alternance%20data&l=Paris%20(75)&fromage=14&start=20&vjk=cd1095712037043c
Veolia,Data Scientist Trainee,- Saint-Maurice (94),https://www.indeed.fr/jobs?q=Alternance%20data&l=Paris%20(75)&fromage=14&start=20&vjk=1ea6f9057a25f2a2
Sanofi,UN ALTERNANT – CHARGE GESTION DE PROJETS DATA (H/F),- Gentilly (94),https://www.indeed.fr/jobs?q=Alternance%20data&l=Paris%20(75)&fromage=14&start=20&vjk=e4d6029dc175e373
Sanofi,UN ALTERNANT – ASSISTANT DATA ANALYST (H/F),- Maisons-Alfort (94),https://www.indeed.fr/jobs?q=Alternance%20data&l=Paris%20(75)&fromage=14&start=20&vjk=1f9c2ab0d4ea4b32
Pandascore,Data analyst - odds,- Paris (75),https://www.indeed.fr/jobs?q=Alternance%20data&l=Paris%20(75)&fromage=14&start=20&vjk=dba3acb016f3cb68
Dassault Systèmes,STAGE – Data Analyst / Data Science (H/F),- Vélizy-Villacoublay (78),https://www.indeed.fr/jobs?q=Alternance%20data&l=Paris%20(75)&fromage=14&start=20&vjk=f44ff589aa736b74
Crédit Agricole,ALTERNANCE - Analyste développeur SQL/VBA H/F,- Paris (75),https://www.indeed.fr/jobs?q=Alternance%20data&l=Paris%20(75)&fromage=14&start=20&vjk=4a6faa79fd570d00
FoodChéri,Stage / Data Analyst - Business Intelligence H/F,- Paris (75),https://www.indeed.fr/jobs?q=Alternance%20data&l=Paris%20(75)&fromage=14&start=20&vjk=42d4e8cfb351cd5d
Sonepar France,ALTERNANCE - Assistant(e) formation (H/F),- Montrouge (92),https://www.indeed.fr/jobs?q=Alternance%20data&l=Paris%20(75)&fromage=14&start=20&vjk=c3c548c88ea997ad&advn=8582516912703704
Générationnel,Chargé relation client (F-H) - Paris - Alternance F/H,- Paris 10e (75),https://www.indeed.fr/jobs?q=Alternance%20data&l=Paris%20(75)&fromage=14&start=20&vjk=cdad0009d95e83ce
GROUPE MEILLEURTAUX,CHARGÉ D'ÉTUDES STATISTIQUES H/F - ALTERNANCE,- Paris (75),https://www.indeed.fr/jobs?q=Alternance%20data&l=Paris%20(75)&fromage=14&start=20&vjk=953bf0251efe0e73
COLLEGE DE PARIS,Alternance - Assistant Marketing (H/F),- Noisiel (77),https://www.indeed.fr/jobs?q=Alternance%20data&l=Paris%20(75)&fromage=14&start=30
Hermès,Alternance - Chargé(e) d'offre produit Maroquinerie (H/F),- Pantin (93),https://www.indeed.fr/jobs?q=Alternance%20data&l=Paris%20(75)&fromage=14&start=30&vjk=4259dee5d33e855f
Boursorama,Alternant Data Engineer Business Intelligence -(H/F),- Boulogne-Billancourt (92),https://www.indeed.fr/jobs?q=Alternance%20data&l=Paris%20(75)&fromage=14&start=30&vjk=dc090b8fcfff73db
La Banque Postale,Data Analyst -H/F,- Issy-les-Moulineaux (92),https://www.indeed.fr/jobs?q=Alternance%20data&l=Paris%20(75)&fromage=14&start=30&vjk=8b10add16475d619
ISCOD,Assistant Marketing Web et Réseaux Sociaux H/F - Alternance,- Bourg-la-Reine (92),https://www.indeed.fr/jobs?q=Alternance%20data&l=Paris%20(75)&fromage=14&start=30&vjk=dd9b16902c548a7e&advn=4629412499192798
Sanef,Assistant Chef de projets SI (Alternance) H/F,- Issy-les-Moulineaux (92),https://www.indeed.fr/jobs?q=Alternance%20data&l=Paris%20(75)&fromage=14&start=30&vjk=0ab067b51b1026b6
Discovery,ALTERNANCE Junior Revenue Analyst,- Issy-les-Moulineaux (92),https://www.indeed.fr/jobs?q=Alternance%20data&l=Paris%20(75)&fromage=14&start=30&vjk=7bbe1653b2f148d3
Acensi,ASSISTANT(E) ADMINISTRATION DES VENTES EN ALTERNANCE (H/F),- Paris (75),https://www.indeed.fr/jobs?q=Alternance%20data&l=Paris%20(75)&fromage=14&start=30&vjk=cd8774429e04a0d1
LOXWOOD AFCM DIFFUSION,Assistant(e) Achats/ Chef de produit-ALTERNANCE,- Croissy-sur-Seine (78),https://www.indeed.fr/jobs?q=Alternance%20data&l=Paris%20(75)&fromage=14&start=30&vjk=95ecded23f480da6
G2F Conseil,Assistant de gestion locative en alternance F/H,- Île-de-France,https://www.indeed.fr/jobs?q=Alternance%20data&l=Paris%20(75)&fromage=14&start=30&vjk=a7ee77795aedab5f
Dassault Systèmes,STAGE - Marketing Data Analyst (H/F),- Vélizy-Villacoublay (78),https://www.indeed.fr/jobs?q=Alternance%20data&l=Paris%20(75)&fromage=14&start=30&vjk=db19e1f94a1f24c5
N/A,N/A,N/A,https://www.indeed.fr/jobs?q=Alternance%20data&l=Paris%20(75)&fromage=14&start=30&vjk=82f8ac9aafdbb955
Agence nationale des Jeux,Analyste de données F/H,- Paris 1er (75),https://www.indeed.fr/jobs?q=Alternance%20data&l=Paris%20(75)&fromage=14&start=30&vjk=4c42559ca6a33051
Veolia,ALTERNANT(E) Data Administrator Engineer (H/F),- Saint-Maurice (94),https://www.indeed.fr/jobs?q=Alternance%20data&l=Paris%20(75)&fromage=14&start=30&vjk=ed38a5d3b3c3a32d
Système U,Alternance- Chargé d'études Marketing H/F,- Rungis (94),https://www.indeed.fr/jobs?q=Alternance%20data&l=Paris%20(75)&fromage=14&start=30&vjk=420eb9ab71347e0d
ISCOD,Assistant Chef de Projet H/F - Alternance - Paris,- Paris (75),https://www.indeed.fr/jobs?q=Alternance%20data&l=Paris%20(75)&fromage=14&start=40&advn=4629412499192798&vjk=409bf9c1aadc40aa
Akor Alternance,Assistant comptable en alternance H/F,- Île-de-France,https://www.indeed.fr/jobs?q=Alternance%20data&l=Paris%20(75)&fromage=14&start=40&advn=4258826906155208&vjk=c19b32c6150887a2
ISCOD,Assistant administratif et commercial H/F - Alternance - Charenton le pont,- Charenton-le-Pont (94),https://www.indeed.fr/jobs?q=Alternance%20data&l=Paris%20(75)&fromage=14&start=40&advn=4629412499192798&vjk=f267555c5e927363
Dassault Systèmes,STAGE - Data Analyste (H/F),- Vélizy-Villacoublay (78),https://www.indeed.fr/jobs?q=Alternance%20data&l=Paris%20(75)&fromage=14&start=40&vjk=e5ef1f390092a81c
AXA Global Direct France,Stage - Data Analyste (F/H),- Suresnes (92),https://www.indeed.fr/jobs?q=Alternance%20data&l=Paris%20(75)&fromage=14&start=40&vjk=d3250b687f88d5b3
PepsiCo,Assistant(e) Master Data & Developpement Analyst,- Colombes (92),https://www.indeed.fr/jobs?q=Alternance%20data&l=Paris%20(75)&fromage=14&start=40&vjk=ab923eb29bcd5065
Dassault Systèmes,STAGE - Data Scientist (H/F),- Paris (75),https://www.indeed.fr/jobs?q=Alternance%20data&l=Paris%20(75)&fromage=14&start=40&vjk=5337a4b4ab22a996
Louis Vuitton,Alternance - Assistant(E) Achats Et Développement Props & Pack (F/H),- Paris (75),https://www.indeed.fr/jobs?q=Alternance%20data&l=Paris%20(75)&fromage=14&start=40&vjk=11221a73cdf3c18e
McKinsey & Company,Data Engineer - McKinsey Analytics,- Paris (75),https://www.indeed.fr/jobs?q=Alternance%20data&l=Paris%20(75)&fromage=14&start=40&vjk=5170baeee9e9137b
Pontoon,Alternance - Assistant Chargé d'Etudes H/F,- Charenton-le-Pont (94),https://www.indeed.fr/jobs?q=Alternance%20data&l=Paris%20(75)&fromage=14&start=40&vjk=f96fac1208115f6e
Dassault Systèmes,STAGE – Data Analyst – Expert Visual Basic (H/F),- Vélizy-Villacoublay (78),https://www.indeed.fr/jobs?q=Alternance%20data&l=Paris%20(75)&fromage=14&start=40&vjk=eb0998f17148bc00
N/A,N/A,N/A,https://www.indeed.fr/jobs?q=Alternance%20data&l=Paris%20(75)&fromage=14&start=40&vjk=86b2352f91026802
N/A,N/A,N/A,https://www.indeed.fr/jobs?q=Alternance%20data&l=Paris%20(75)&fromage=14&start=40&vjk=d70822343f688048
Dassault Systèmes,STAGE - Data analyst - Self-Healing 3DEXPERIENCE sur le cloud (H/F),- Vélizy-Villacoublay (78),https://www.indeed.fr/jobs?q=Alternance%20data&l=Paris%20(75)&fromage=14&start=40&vjk=92d732da4ffbd6ba
N/A,N/A,N/A,https://www.indeed.fr/jobs?q=Alternance%20data&l=Paris%20(75)&fromage=14&start=40&vjk=ae5af9e9e9d18375
Finalcad,Data Engineer (F/H) - France,- Paris (75),https://www.indeed.fr/jobs?q=Alternance%20data&l=Paris%20(75)&fromage=14&start=50&advn=190761308337259&vjk=e7a352628c185e5a
Sport dans la Ville,Chargé.e de projet Insertion Professionnelle,- Pantin (93),https://www.indeed.fr/jobs?q=Alternance%20data&l=Paris%20(75)&fromage=14&start=50&advn=6544613739654877&vjk=f691c48bbf069ba6
SHOWROOMPRIVE.COM,Data Scientist - F/H,- Saint-Denis (93),https://www.indeed.fr/jobs?q=Alternance%20data&l=Paris%20(75)&fromage=14&start=50&vjk=a87986c9c6b45dcd
COLLEGE DE PARIS,Alternance - Assistant Marketing (H/F),- Noisiel (77),https://www.indeed.fr/jobs?q=Alternance%20data&l=Paris%20(75)&fromage=14&start=50&vjk=4ab9864bc48ea6be&advn=7736870941523477
Dailymotion,Data Analyst B2C - Internship (H/F),- Paris (75),https://www.indeed.fr/jobs?q=Alternance%20data&l=Paris%20(75)&fromage=14&start=50&vjk=6fe74a2b8a5c3808
Microsoft,Stage 6 mois - Data Scientist (H/F),- Paris (75),https://www.indeed.fr/jobs?q=Alternance%20data&l=Paris%20(75)&fromage=14&start=50&vjk=eaff4e2f37d53e3f
Diagnostica Stago,Data Analyst (H/F),- Asnières-sur-Seine (92),https://www.indeed.fr/jobs?q=Alternance%20data&l=Paris%20(75)&fromage=14&start=50&vjk=46a2857e2ec66e74
La Banque de France,DATA OFFICER/DATA ANALYSTE - MNC - H/F,- Paris (75),https://www.indeed.fr/jobs?q=Alternance%20data&l=Paris%20(75)&fromage=14&start=50&vjk=a5b0799c76f9686c
Trusk,Operations Data Analyst H/F,- Saint-Ouen (93),https://www.indeed.fr/jobs?q=Alternance%20data&l=Paris%20(75)&fromage=14&start=50&vjk=c71d8f7f1b15c04d
Navya,Stagiaire chargé de projets collaboratifs européens,- Puteaux (92),https://www.indeed.fr/jobs?q=Alternance%20data&l=Paris%20(75)&fromage=14&start=50&vjk=05a1d5d8a776a87c
Sept Lieues,Data scientist + 3ans,- Paris (75),https://www.indeed.fr/jobs?q=Alternance%20data&l=Paris%20(75)&fromage=14&start=50&vjk=91018afba1f113b1
SOWIT,DATA SCIENTIST - IMAGERY,- Paris (75),https://www.indeed.fr/jobs?q=Alternance%20data&l=Paris%20(75)&fromage=14&start=50&vjk=44f4ab8d6c4f1d12
CPAM DE LA SEINE-SAINT-DENIS,EXPERT EN ANALYSES DE DONNEES / DATA SCIENTIST,- Bobigny (93),https://www.indeed.fr/jobs?q=Alternance%20data&l=Paris%20(75)&fromage=14&start=50&vjk=1aa6e14c54e10b56
IRI,DATA ANALYST – CDI (H/F),- Chambourcy (78),https://www.indeed.fr/jobs?q=Alternance%20data&l=Paris%20(75)&fromage=14&start=50&vjk=562167726eb8140f
Veolia,Alternance - Assistant(e) de Manager,- Aubervilliers (93),https://www.indeed.fr/jobs?q=Alternance%20data&l=Paris%20(75)&fromage=14&start=50&vjk=da256b39ce94a62c
Malakoff Humanis,Alternance - Chargé de projet Process Backoffice H/F,- Paris 9e (75),https://www.indeed.fr/jobs?q=Alternance%20data&l=Paris%20(75)&fromage=14&start=60&advn=8770036763084318&vjk=7b1453f6b8758b25
S.R Investment Partners,Senior Data Scientist - Quantitative HFT,- Paris (75),https://www.indeed.fr/jobs?q=Alternance%20data&l=Paris%20(75)&fromage=14&start=60&advn=474131205272072&vjk=280817bb2a457062
Human Job,Data analyste informatique - CDI (H/F),- Paris 15e (75),https://www.indeed.fr/jobs?q=Alternance%20data&l=Paris%20(75)&fromage=14&start=60&advn=2715648309700515&vjk=88111c205af77030
Chanel,Stage - Assistant(e) Business Analyst Eyewear Mode - Janvier 2021 H/F,- Paris (75),https://www.indeed.fr/jobs?q=Alternance%20data&l=Paris%20(75)&fromage=14&start=60&vjk=aeaa8c3bc667e64f
NATIXIS,Stage - 6 mois - Data Scientist (H/F) - Paris 13ème,- Paris (75),https://www.indeed.fr/jobs?q=Alternance%20data&l=Paris%20(75)&fromage=14&start=60&vjk=86b2352f91026802
COLLEGE DE PARIS,Alternance - Assistant Marketing (H/F),- Noisiel (77),https://www.indeed.fr/jobs?q=Alternance%20data&l=Paris%20(75)&fromage=14&start=60&vjk=9e6d824335826356&advn=7736870941523477
Harnham,DATA ANALYST - DATA VISUALISATION,- Paris (75),https://www.indeed.fr/jobs?q=Alternance%20data&l=Paris%20(75)&fromage=14&start=60&vjk=bc2e2527b5242091
CITECH,Data Analyst (H/F),- Charenton-le-Pont (94),https://www.indeed.fr/jobs?q=Alternance%20data&l=Paris%20(75)&fromage=14&start=60&vjk=a00174ddfef3c93b
Excelya,Data Engineer,- Paris (75),https://www.indeed.fr/jobs?q=Alternance%20data&l=Paris%20(75)&fromage=14&start=60&vjk=f437f7226cbd9f22
N/A,N/A,N/A,https://www.indeed.fr/jobs?q=Alternance%20data&l=Paris%20(75)&fromage=14&start=60&vjk=f4500774e4657b04
Dassault Systèmes,STAGE - Assistant(e) Business Analyst (H/F),- Vélizy-Villacoublay (78),https://www.indeed.fr/jobs?q=Alternance%20data&l=Paris%20(75)&fromage=14&start=60&vjk=5164c4848a3fa8f3
Amundi Asset Management,Stage - Chargé de projet « Asset Servicing Management » H/F,- Paris (75),https://www.indeed.fr/jobs?q=Alternance%20data&l=Paris%20(75)&fromage=14&start=60&vjk=0cecb3c0775dad06
Junior Talent,Alternance - AXA Banque - Chargé(e) de projet Multicanal H/F,- Fontenay-sous-Bois (94),https://www.indeed.fr/jobs?q=Alternance%20data&l=Paris%20(75)&fromage=14&start=60&vjk=bd753719023253c0
Dassault Systèmes,STAGE - BI Based on Data Lakes - Data Engineer (H/F),- Vélizy-Villacoublay (78),https://www.indeed.fr/jobs?q=Alternance%20data&l=Paris%20(75)&fromage=14&start=60&vjk=17f50fd002ec80c4
LLFC,Assistant Qualité Alternance H/F,- Bobigny (93),https://www.indeed.fr/jobs?q=Alternance%20data&l=Paris%20(75)&fromage=14&start=60&vjk=607258834851b110
Korian,Data Analyst en CDI - H/F,- Paris (75),https://www.indeed.fr/jobs?q=Alternance%20data&l=Paris%20(75)&fromage=14&start=70&vjk=c7a39e73703cadfa
X-Trade Brokers (XTB) France,Stage Assistant Analyste Marché,- Paris (75),https://www.indeed.fr/jobs?q=Alternance%20data&l=Paris%20(75)&fromage=14&start=70&vjk=3bc5b77ca33eaf64
CRAFT SAS,DATA ANALYST CONFIRME – Réf DA0620 F/H,- Paris 2e (75),https://www.indeed.fr/jobs?q=Alternance%20data&l=Paris%20(75)&fromage=14&start=70&vjk=6ab7f2fcdf07ce63
Total,Alternance Assistant(e) Project Management Office SAP H/F,- Nanterre (92),https://www.indeed.fr/jobs?q=Alternance%20data&l=Paris%20(75)&fromage=14&start=70&vjk=f5b2a019af5b8143
EDF,Data Scientist H/F,- Paris (75),https://www.indeed.fr/jobs?q=Alternance%20data&l=Paris%20(75)&fromage=14&start=70&vjk=17fe2a565cab665b
Amplifon,Data Engineer (H/F),- Arcueil (94),https://www.indeed.fr/jobs?q=Alternance%20data&l=Paris%20(75)&fromage=14&start=70&vjk=d2fe7e2971dca218
NATIXIS stage,Alternance - 1 à 2 ans - Assistant Analyste ESG - Paris 13ème F/H,- Paris 13e (75),https://www.indeed.fr/jobs?q=Alternance%20data&l=Paris%20(75)&fromage=14&start=70&vjk=9c5feffe6c116ba2
La Banque Postale,ALTERNANCE - Assistant Gestion risques de bilan H/F,- Paris (75),https://www.indeed.fr/jobs?q=Alternance%20data&l=Paris%20(75)&fromage=14&start=70&vjk=b03b64ab9ab1a107
CA CIB FRANCE,Data analyst - Conformité H/F,- Montrouge (92),https://www.indeed.fr/jobs?q=Alternance%20data&l=Paris%20(75)&fromage=14&start=70&vjk=641dccac9d091908
Mantu,Data Visualization Support Engineer,- Aubervilliers (93),https://www.indeed.fr/jobs?q=Alternance%20data&l=Paris%20(75)&fromage=14&start=70&vjk=3cf9446291e9b7bb
NATIXIS,Market Data Analyst (H/F) CDD,- Paris (75),https://www.indeed.fr/jobs?q=Alternance%20data&l=Paris%20(75)&fromage=14&start=70&vjk=a1240ed60403ad5c
SCOR,Alternance - Assistant du Manager,- Paris (75),https://www.indeed.fr/jobs?q=Alternance%20data&l=Paris%20(75)&fromage=14&start=70&vjk=3d933ac280d9fe61
Euklid,Administrateur Data Analyst H/F,- Paris 11e (75),https://www.indeed.fr/jobs?q=Alternance%20data&l=Paris%20(75)&fromage=14&start=70&vjk=d5d94851386f54aa
HYPERLEX,Data Scientist Intern,- Paris (75),https://www.indeed.fr/jobs?q=Alternance%20data&l=Paris%20(75)&fromage=14&start=70&vjk=e55e2dfd5dc1b507
Selescope,Data Engineer h/f,- Île-de-France,https://www.indeed.fr/jobs?q=Alternance%20data&l=Paris%20(75)&fromage=14&start=70&vjk=22f556fce9cd2567
N/A,N/A,N/A,https://www.indeed.fr/jobs?q=Alternance%20data&l=Paris%20(75)&fromage=14&start=80&advn=4190676325902957&vjk=dad02e4b0fe061c4
La Banque Postale Asset Management,Chargé de projet appel d'offres (H/F),- Paris (75),https://www.indeed.fr/jobs?q=Alternance%20data&l=Paris%20(75)&fromage=14&start=80&advn=474131205272072&vjk=80d9897af646934f
Natixis,Stage - 6 mois - Data Scientist (H/F) - Paris 13ème,- Paris (75),https://www.indeed.fr/jobs?q=Alternance%20data&l=Paris%20(75)&fromage=14&start=80&vjk=c9908fe429aad396
Amplifon,Data Engineer F/H,- Arcueil (94),https://www.indeed.fr/jobs?q=Alternance%20data&l=Paris%20(75)&fromage=14&start=80&vjk=ecab53faa244c0a0
MGEN,Data Scientist (94 Val-de-Marne): consulter le détail de l'offre,- Le Kremlin-Bicêtre (94),https://www.indeed.fr/jobs?q=Alternance%20data&l=Paris%20(75)&fromage=14&start=80&vjk=fc0bd6f5297b147f
Cadreo,Data Analyst F/H,- Meudon (92),https://www.indeed.fr/jobs?q=Alternance%20data&l=Paris%20(75)&fromage=14&start=80&vjk=3254fb1fdb02d486
Cadreo,Data Scientist F/H,- Paris 1er (75),https://www.indeed.fr/jobs?q=Alternance%20data&l=Paris%20(75)&fromage=14&start=80&vjk=43204040d7189e87
CertiNergy et Solutions,Assistant(e) moyens généraux en alternance (H/F),- Paris 14e (75),https://www.indeed.fr/jobs?q=Alternance%20data&l=Paris%20(75)&fromage=14&start=80&vjk=d1a4de2371917e84
Bluescale,Data Engineer F/H,- Paris 9e (75),https://www.indeed.fr/jobs?q=Alternance%20data&l=Paris%20(75)&fromage=14&start=80&vjk=a8fda43578dc8966
Ironhack,Data Analytics Teacher Assistant (freelance mission),- Paris (75),https://www.indeed.fr/jobs?q=Alternance%20data&l=Paris%20(75)&fromage=14&start=80&vjk=d1bfa44a4b7b0fce
N/A,N/A,N/A,https://www.indeed.fr/jobs?q=Alternance%20data&l=Paris%20(75)&fromage=14&start=80&vjk=b0d0f3c38ff313c0
Saint-Gobain,Alternance Chargé de projet pricing (H/F) - La Défense (92),- Paris (75),https://www.indeed.fr/jobs?q=Alternance%20data&l=Paris%20(75)&fromage=14&start=80&vjk=3858195d9488911c
Paris Habitat,Chargé(e) de Médiation H/F en ALTERNANCE,- Paris (75),https://www.indeed.fr/jobs?q=Alternance%20data&l=Paris%20(75)&fromage=14&start=80&vjk=ae5018c410196a55
Franfinance,Alternance Assistant(e) de gestion entreprise-(H/F),- Nanterre (92),https://www.indeed.fr/jobs?q=Alternance%20data&l=Paris%20(75)&fromage=14&start=80&vjk=9e949a6dc32b2b8a
Total,Alternance Assistant Chargé d'affaires Mobilité Eléctrique F/H,- Nanterre (92),https://www.indeed.fr/jobs?q=Alternance%20data&l=Paris%20(75)&fromage=14&start=80&vjk=b957d17d58c5dba5
Proman,INGENIEUR / CHARGE DE PROJET SIT H/F 93,- Saint-Ouen (93),https://www.indeed.fr/jobs?q=Alternance%20data&l=Paris%20(75)&fromage=14&start=90&advn=1352446391118518&vjk=00e1f84b36586ad1
COLLEGE DE PARIS,Alternance - Assistant Marketing (H/F),- Noisiel (77),https://www.indeed.fr/jobs?q=Alternance%20data&l=Paris%20(75)&fromage=14&start=90&advn=7736870941523477&vjk=4ab9864bc48ea6be
RESEAU DUCRETET,Chargé(e) de projet Formation,- Clichy (92),https://www.indeed.fr/jobs?q=Alternance%20data&l=Paris%20(75)&fromage=14&start=90&advn=8803557043862315&vjk=e6635a1d160853f7
Sanofi,UN ALTERNANT - CHARGÉ DE PROJET TRANSFORMATION ET AMÉLIORATION DE LA PERFORMANCE (H/F),- Gentilly (94),https://www.indeed.fr/jobs?q=Alternance%20data&l=Paris%20(75)&fromage=14&start=90&vjk=ee09e9d570a90558
Total,ASSISTANT MARKETING DIGITAL EN ALTERNANCE,- Levallois-Perret (92),https://www.indeed.fr/jobs?q=Alternance%20data&l=Paris%20(75)&fromage=14&start=90&vjk=e86b0818bae8b8b7
NATIXIS,Stage - 6 mois - Data Scientist (H/F) - Paris 13ème,- Paris (75),https://www.indeed.fr/jobs?q=Alternance%20data&l=Paris%20(75)&fromage=14&start=90&vjk=86b2352f91026802
SEQENS,Chargé de Développement Foncier H/F - Alternance,- Issy-les-Moulineaux (92),https://www.indeed.fr/jobs?q=Alternance%20data&l=Paris%20(75)&fromage=14&start=90&vjk=5b26a2b9282bbfab
ALIZNET,DATA ENGINEER F/H,- Paris 2e (75),https://www.indeed.fr/jobs?q=Alternance%20data&l=Paris%20(75)&fromage=14&start=90&vjk=a9b254371de39cd5
RANDSTAD INHOUSE SERVICES GPA,DATA ANALYST (F/H),- Courbevoie (92),https://www.indeed.fr/jobs?q=Alternance%20data&l=Paris%20(75)&fromage=14&start=90&vjk=4962985708a848d0
irstea,Chargé-e de projet sur la mise en valeur et la protection de la biodiversité,- Île-de-France,https://www.indeed.fr/jobs?q=Alternance%20data&l=Paris%20(75)&fromage=14&start=90&vjk=c4c3b19e4fabbaac
Sanofi,UN ALTERNANT - CHARGE DE PROJET OUTILS SUPPLY CHAIN (H/F),- Gentilly (94),https://www.indeed.fr/jobs?q=Alternance%20data&l=Paris%20(75)&fromage=14&start=90&vjk=4ac50e078ab36bf2
Aldi,DATA ANALYST SENIOR H/F,- Villepinte (93),https://www.indeed.fr/jobs?q=Alternance%20data&l=Paris%20(75)&fromage=14&start=90&vjk=edd7e4725d4efd09
Verduron,Data Engineer Python SQL – H/F,- Paris (75),https://www.indeed.fr/jobs?q=Alternance%20data&l=Paris%20(75)&fromage=14&start=90&vjk=aabdd329fc5ed18e
Pontoon,Alternance Chargé de la Gestion de la Documentation H/F,- Créteil (94),https://www.indeed.fr/jobs?q=Alternance%20data&l=Paris%20(75)&fromage=14&start=90&vjk=fdc1435313962d09
SGDF,CHARGE(E) DE PROJET RASSEMBLEMENT EUROPEEN (H/F),- Arcueil (94),https://www.indeed.fr/jobs?q=Alternance%20data&l=Paris%20(75)&fromage=14&start=90&vjk=4ebd1137771d3c0f
Natixis,Stage - 6 mois - Data Scientist (H/F) - Paris 13ème,- Paris (75),https://www.indeed.fr/jobs?q=Alternance%20data&l=Paris%20(75)&fromage=14&start=100&vjk=c9908fe429aad396
Sanofi,UN ALTERNANT – CHARGE PREPARATION DES DONNEES (H/F),- Gentilly (94),https://www.indeed.fr/jobs?q=Alternance%20data&l=Paris%20(75)&fromage=14&start=100&vjk=76dd16bab4947ceb
Dassault Systèmes,STAGE - Data Scientist Anti-Piratage (H/F),- Vélizy-Villacoublay (78),https://www.indeed.fr/jobs?q=Alternance%20data&l=Paris%20(75)&fromage=14&start=100&vjk=63e9820ad452b04a
Sanofi,UN ALTERNANT - CHARGE MODELISATION DE DONNEES (H/F),- Gentilly (94),https://www.indeed.fr/jobs?q=Alternance%20data&l=Paris%20(75)&fromage=14&start=100&vjk=49ce204872fb3671
Paris Habitat,Chargé(e) d’études Handicap et Vieillissement - ALTERNANCE,- Paris (75),https://www.indeed.fr/jobs?q=Alternance%20data&l=Paris%20(75)&fromage=14&start=100&vjk=a1a0ed524c358340
A.D.T.,CHARGE DE PROJETS TRADUCTION F/H,- Soisy-sous-Montmorency (95),https://www.indeed.fr/jobs?q=Alternance%20data&l=Paris%20(75)&fromage=14&start=100&vjk=2ff10ca11e1c464e
Anses,Chargé(e) de projets européens (H/F),- Maisons-Alfort (94),https://www.indeed.fr/jobs?q=Alternance%20data&l=Paris%20(75)&fromage=14&start=100&vjk=491e9b0d1f72c19f
N/A,N/A,N/A,https://www.indeed.fr/jobs?q=Alternance%20data&l=Paris%20(75)&fromage=14&start=100&vjk=f5e2aabf3be121cd
BBJ,Chargé de projets H/F,- Rueil-Malmaison (92),https://www.indeed.fr/jobs?q=Alternance%20data&l=Paris%20(75)&fromage=14&start=100&vjk=abed821f3d0d3611
N/A,N/A,N/A,https://www.indeed.fr/jobs?q=Alternance%20data&l=Paris%20(75)&fromage=14&start=100&vjk=300411ad28a7bebd
Showroomprive.com,Analyste outil supply chain (Stage/Alternance) - H/F,- Saint-Denis (93),https://www.indeed.fr/jobs?q=Alternance%20data&l=Paris%20(75)&fromage=14&start=100&vjk=04a8c627d531a429
Randstad Inhouse,DATA ANALYST (F/H),- Courbevoie (92),https://www.indeed.fr/jobs?q=Alternance%20data&l=Paris%20(75)&fromage=14&start=100&vjk=57e30faeb698fb70
Dassault Systèmes,STAGE – Analyste données Portfolio (H/F),- Vélizy-Villacoublay (78),https://www.indeed.fr/jobs?q=Alternance%20data&l=Paris%20(75)&fromage=14&start=100&vjk=72054d01cf2025d9
EUKLID,Administrateur Data Analyst F/H,- Courbevoie (92),https://www.indeed.fr/jobs?q=Alternance%20data&l=Paris%20(75)&fromage=14&start=100&vjk=05dc72836eac7691
Sanofi,UN ALTERNANT- CHARGE DE PROJET INNOVATION R&D (H/F),- Chilly-Mazarin (91),https://www.indeed.fr/jobs?q=Alternance%20data&l=Paris%20(75)&fromage=14&start=100&vjk=c1b690227c90f83c
N/A,N/A,N/A,https://www.indeed.fr/jobs?q=Alternance%20data&l=Paris%20(75)&fromage=14&start=110&advn=7736870941523477&vjk=9e6d824335826356
Sanofi,UN ALTERNANT - CHARGÉ DE PROJET SOLUTIONS DIGITALES (H/F),- Gentilly (94),https://www.indeed.fr/jobs?q=Alternance%20data&l=Paris%20(75)&fromage=14&start=110&vjk=ef9426c91c68215e
Ricoh France,Assistant PMO - chargé(e) de projets en alternance,- Rungis (94),https://www.indeed.fr/jobs?q=Alternance%20data&l=Paris%20(75)&fromage=14&start=110&vjk=05ce03243403c99b
Gimopharm,Alternance Chargé de Projet Industrie Pharmaceutique/Cosmétique H/F,- Longjumeau (91),https://www.indeed.fr/jobs?q=Alternance%20data&l=Paris%20(75)&fromage=14&start=110&vjk=a623844f369d5d4d
N/A,N/A,N/A,https://www.indeed.fr/jobs?q=Alternance%20data&l=Paris%20(75)&fromage=14&start=110&vjk=64097b5eb961c439
N/A,N/A,N/A,https://www.indeed.fr/jobs?q=Alternance%20data&l=Paris%20(75)&fromage=14&start=110&vjk=24631f44fc191de0
N/A,N/A,N/A,https://www.indeed.fr/jobs?q=Alternance%20data&l=Paris%20(75)&fromage=14&start=110&vjk=484f1ac54f0c7112
N/A,N/A,N/A,https://www.indeed.fr/jobs?q=Alternance%20data&l=Paris%20(75)&fromage=14&start=110&vjk=69c270e994fa9eba
Secours Catholique,"Chargé de projets internationaux Afrique - Burkina Faso, Niger, Togo H/F",- Île-de-France,https://www.indeed.fr/jobs?q=Alternance%20data&l=Paris%20(75)&fromage=14&start=110&vjk=0c38b95780f8820f
ALDI,Chargé de projet vente F/H,- Villepinte (93),https://www.indeed.fr/jobs?q=Alternance%20data&l=Paris%20(75)&fromage=14&start=110&vjk=56fa96797e32b8d7
N/A,N/A,N/A,https://www.indeed.fr/jobs?q=Alternance%20data&l=Paris%20(75)&fromage=14&start=110&vjk=3df286424522890b
Rakuten France,Data Scientist Senior f/m,- Paris 2e (75),https://www.indeed.fr/jobs?q=Alternance%20data&l=Paris%20(75)&fromage=14&start=110&vjk=5785e14085c17b31
CITEO,Alternance - Charge de mission EcoConception F/H,- Paris (75),https://www.indeed.fr/jobs?q=Alternance%20data&l=Paris%20(75)&fromage=14&start=110&vjk=11830ec491083c29
RedE,Assistant Logistique H/F (Alternance),- Paris 18e (75),https://www.indeed.fr/jobs?q=Alternance%20data&l=Paris%20(75)&fromage=14&start=110&vjk=3cdd8704d5be8c23
GEODIS,Chargé de projet supply chain - Alternance H/F,- Levallois-Perret (92),https://www.indeed.fr/jobs?q=Alternance%20data&l=Paris%20(75)&fromage=14&start=110&vjk=c9b84f8542b53767
COLLEGE DE PARIS,Alternance - Assistant Marketing (H/F),- Noisiel (77),https://www.indeed.fr/jobs?q=Alternance%20data&l=Paris%20(75)&fromage=14&start=120&advn=7736870941523477&vjk=4ab9864bc48ea6be
Natixis,Stage - 6 mois - Data Scientist (H/F) - Paris 13ème,- Paris (75),https://www.indeed.fr/jobs?q=Alternance%20data&l=Paris%20(75)&fromage=14&start=120&vjk=c9908fe429aad396
YSANCE,Data Integration Engineer - Talend F/H,- Paris 2e (75),https://www.indeed.fr/jobs?q=Alternance%20data&l=Paris%20(75)&fromage=14&start=120&vjk=4df7d217711d3731
Universcience,Chargé.e du développement durable (Alternance),- Paris (75),https://www.indeed.fr/jobs?q=Alternance%20data&l=Paris%20(75)&fromage=14&start=120&vjk=cc7985261891e3a0
ICF Habitat,CHARGÉ MOD EN ALTERNANCE - H/F,- Paris (75),https://www.indeed.fr/jobs?q=Alternance%20data&l=Paris%20(75)&fromage=14&start=120&vjk=7af515837c6965ab
Altares D&B,Alternance - Assistant Responsable des Alliances et partenariats H/F,- Colombes (92),https://www.indeed.fr/jobs?q=Alternance%20data&l=Paris%20(75)&fromage=14&start=120&vjk=cac88d78b1eff9b5
Watura,Chargé(e) de projet pédagogique HSE (F/H),- Saint-Ouen (93),https://www.indeed.fr/jobs?q=Alternance%20data&l=Paris%20(75)&fromage=14&start=120&vjk=0d1b0e03f60e8bfb
EPT EST ENSEMBLE,Chargé(e) de suivi assainissement et eau pluviale des projets urbains h/f,- Saint-Denis (93),https://www.indeed.fr/jobs?q=Alternance%20data&l=Paris%20(75)&fromage=14&start=120&vjk=ed1d69051d0c1dd4
Experconnect,Chargé(e) de projet - Transformation digitale,- Paris 8e (75),https://www.indeed.fr/jobs?q=Alternance%20data&l=Paris%20(75)&fromage=14&start=120&vjk=a5777aa49037d430
NATIXIS,Alternance 24 mois - Chargé de développement expérience collaborateur H/F - Paris 13ème,- Paris (75),https://www.indeed.fr/jobs?q=Alternance%20data&l=Paris%20(75)&fromage=14&start=120&vjk=3cdfbb53ed6487de
SMAC,Alternance - Assistant(e) formation H/F,- Issy-les-Moulineaux (92),https://www.indeed.fr/jobs?q=Alternance%20data&l=Paris%20(75)&fromage=14&start=120&vjk=08cd6a978e885347
LIGUE NATIONALE CONTRE LE CANCER,Chargé de mission stratégie marketing et analyse Data/CRM F/H,- Paris 13e (75),https://www.indeed.fr/jobs?q=Alternance%20data&l=Paris%20(75)&fromage=14&start=120&vjk=9f6db774ea12b820
FACE Paris,Chargé.e de mission projet,- Paris (75),https://www.indeed.fr/jobs?q=Alternance%20data&l=Paris%20(75)&fromage=14&start=120&vjk=4cd35e5be91893d8
Siège Fnac Darty,ALTERNANCE - ASSISTANT ANALYSTE SÉCURITÉ INFORMATIQUE F/H,- Ivry-sur-Seine (94),https://www.indeed.fr/jobs?q=Alternance%20data&l=Paris%20(75)&fromage=14&start=120&vjk=5510b5483bf16d42
Umanis,Data Scientist Expert H/F,- Levallois-Perret (92),https://www.indeed.fr/jobs?q=Alternance%20data&l=Paris%20(75)&fromage=14&start=120&vjk=4dfa32240f16f764
ISCOD,Chargé(e) de communication et marketing digital - Alternance - Paris,- Paris (75),https://www.indeed.fr/jobs?q=Alternance%20data&l=Paris%20(75)&fromage=14&start=130&advn=4629412499192798&vjk=deac4f30a44641a1
AMNESTY INTERNATIONAL SECTION FRANCAISE,Chargé/Chargée de projet évènementiel & E-CRM F/H,- Paris 19e (75),https://www.indeed.fr/jobs?q=Alternance%20data&l=Paris%20(75)&fromage=14&start=130&vjk=a405ec96db71c92f
Amnesty International,Chargé/Chargée de projet évènementiel & E-CRM,- Paris (75),https://www.indeed.fr/jobs?q=Alternance%20data&l=Paris%20(75)&fromage=14&start=130&vjk=40bd81dd407ad94c
MANAGEMENT INFORMATIQUE & NOUVELLES TECHNOLOGIES CONSEIL,Consultant Data Analyste Web et Analytics secteur Médias F/H,- Paris 1er (75),https://www.indeed.fr/jobs?q=Alternance%20data&l=Paris%20(75)&fromage=14&start=130&vjk=211e3b3158c21627
SGDF,CHARGE DE PROJETS A L’ABRI DE LA MALTRAITANCE & DE SUIVI DES CAS COMPLEXES (H/F),- Arcueil (94),https://www.indeed.fr/jobs?q=Alternance%20data&l=Paris%20(75)&fromage=14&start=130&vjk=4cc7de2c223467fa
Franfinance,Alternance Chargé(e) de Marketing Opérationnel-(H/F),- Nanterre (92),https://www.indeed.fr/jobs?q=Alternance%20data&l=Paris%20(75)&fromage=14&start=130&vjk=f245621c29265272
Ulule,Chargé(e) de projets vidéo,- Paris (75),https://www.indeed.fr/jobs?q=Alternance%20data&l=Paris%20(75)&fromage=14&start=130&vjk=6e3b55cb0e6499c0
ANSES,Chargé de projets européens - ANSES,- Maisons-Alfort (94),https://www.indeed.fr/jobs?q=Alternance%20data&l=Paris%20(75)&fromage=14&start=130&vjk=18a25d5e4f7b94a4
Remy Cointreau,Chargé(e) de projets junior Mécénat,- Paris (75),https://www.indeed.fr/jobs?q=Alternance%20data&l=Paris%20(75)&fromage=14&start=130&vjk=bef6de7b0a94665e
PwC,"""Assistant(e) Sales & Marketing | Alternance | H/F""",- Levallois-Perret (92),https://www.indeed.fr/jobs?q=Alternance%20data&l=Paris%20(75)&fromage=14&start=130&vjk=58f6b4a7b73f1417
PROGRESS SANTE,Chargé(e) de Projets Marketing et Communication Digitale,- Paris 10e (75),https://www.indeed.fr/jobs?q=Alternance%20data&l=Paris%20(75)&fromage=14&start=130&vjk=4534c8836c3f705e
Direction des Systèmes d'Information et du Numérique - Ville de Paris,Chargé.e du domaine social - projets informatiques MOE - Ville de Paris F/H,- Paris 12e (75),https://www.indeed.fr/jobs?q=Alternance%20data&l=Paris%20(75)&fromage=14&start=130&vjk=e0ed450d5a1739e1
Total,ALTERNANCE- Chargé de projets RSE - Social business & Sociétal H-F,- Nanterre (92),https://www.indeed.fr/jobs?q=Alternance%20data&l=Paris%20(75)&fromage=14&start=130&vjk=e3a419c97f187fde
Efrei,Chargé de projet Alumni (H/F),- Villejuif (94),https://www.indeed.fr/jobs?q=Alternance%20data&l=Paris%20(75)&fromage=14&start=130&vjk=327e7d6d191e809c
ABC arbitrage,02. Senior Data Scientist - Python (h/f),- Paris 2e (75),https://www.indeed.fr/jobs?q=Alternance%20data&l=Paris%20(75)&fromage=14&start=130&vjk=9966350a63797f4a
Orthlane,CHARGÉ(E) DE COMMUNICATION & MARKETING - ALTERNANCE,- La Courneuve (93),https://www.indeed.fr/jobs?q=Alternance%20data&l=Paris%20(75)&fromage=14&start=140&vjk=0ee233fd2ef57bb7
Seine-Saint-Denis,"CHARGÉ-E DE PROJETS ""PACTE AMBITION IAE EN SEINE SAINT DENIS"" H/F",- Bobigny (93),https://www.indeed.fr/jobs?q=Alternance%20data&l=Paris%20(75)&fromage=14&start=140&vjk=d72eb4d64c4056b1
SAGE,Chargé(e) de Comm Externe (ALTERNANCE),- La Garenne-Colombes (92),https://www.indeed.fr/jobs?q=Alternance%20data&l=Paris%20(75)&fromage=14&start=140&vjk=94cbfdd34ccb4c74
La Relève,Alternance - Chargé(e) de Webmarketing - Startup sport,- Paris 10e (75),https://www.indeed.fr/jobs?q=Alternance%20data&l=Paris%20(75)&fromage=14&start=140&vjk=a1a9a9c89c7b05dd
BRUCE FIELD,ASSISTANT WEB MARKETING A TEMPS PLEIN OU ALTERNANCE,- Saint-Ouen (93),https://www.indeed.fr/jobs?q=Alternance%20data&l=Paris%20(75)&fromage=14&start=140&vjk=a588753da3ceff03
ALLINSOURCING,Chargé de projet digital Marketing Epargne,- Paris (75),https://www.indeed.fr/jobs?q=Alternance%20data&l=Paris%20(75)&fromage=14&start=140&vjk=d3af8188aedcd1bd
Symrise,Chargé(e) de projet marketing produits laitiers (H/F),- Clichy (92),https://www.indeed.fr/jobs?q=Alternance%20data&l=Paris%20(75)&fromage=14&start=140&vjk=29314c4fa91551ff
KUBOTA EUROPE,Alternance Analyst digital assistant,- Argenteuil (95),https://www.indeed.fr/jobs?q=Alternance%20data&l=Paris%20(75)&fromage=14&start=140&vjk=354c309dd0773962
Food Love,Chargé de communication junior en alternance,- Villejuif (94),https://www.indeed.fr/jobs?q=Alternance%20data&l=Paris%20(75)&fromage=14&start=140&vjk=985d6a95f4d3cb56
Ethic Ocean,Chargé(e) de projet Préservation des océans H/F,- Pantin (93),https://www.indeed.fr/jobs?q=Alternance%20data&l=Paris%20(75)&fromage=14&start=140&vjk=9ef2406c1d001293
Passion Beauté,Assistant(e) Chargé(e) de projets digitaux,- Fontenay-sous-Bois (94),https://www.indeed.fr/jobs?q=Alternance%20data&l=Paris%20(75)&fromage=14&start=140&vjk=cbf3ac44d42c410a
Walters People,Chargé de projet Marketing Digital H/F,- Suresnes (92),https://www.indeed.fr/jobs?q=Alternance%20data&l=Paris%20(75)&fromage=14&start=140&vjk=ccd25ac97b274b25
TALENTIS HORIZON,Assistant(e) Marketing en Alternance H/F,- Paris (75),https://www.indeed.fr/jobs?q=Alternance%20data&l=Paris%20(75)&fromage=14&start=140&vjk=f600db25ff87657d
Kuehne+Nagel,Chargé(e) de communication - Alternance,- Paris (75),https://www.indeed.fr/jobs?q=Alternance%20data&l=Paris%20(75)&fromage=14&start=140&vjk=61ad7605ea7ef4fe
Food Love,Chargé de vente en alternance,- Paris 18e (75),https://www.indeed.fr/jobs?q=Alternance%20data&l=Paris%20(75)&fromage=14&start=140&vjk=ffd98ba847824873
GEODIS,Chargé(e) de Missions Commerce en Alternance H/F,- Gennevilliers (92),https://www.indeed.fr/jobs?q=Alternance%20data&l=Paris%20(75)&fromage=14&start=150&vjk=abfb81c42f1d408f
Cadreo,Data Analyst - Data Steward F/H,- Paris 1er (75),https://www.indeed.fr/jobs?q=Alternance%20data&l=Paris%20(75)&fromage=14&start=150&vjk=07c0b24a7a9ed25b
Hub One,APPRENTI.E CHARGE.E DE MISSIONS INNOVATIONS ALTERNANCE,- Tremblay-en-France (93),https://www.indeed.fr/jobs?q=Alternance%20data&l=Paris%20(75)&fromage=14&start=150&vjk=e6c905305d6ce527
Santé Publique France,Chargé de projet scientifique - Surveillance du COVID-19,- Saint-Maurice (94),https://www.indeed.fr/jobs?q=Alternance%20data&l=Paris%20(75)&fromage=14&start=150&vjk=26b4da604f26b1df
ELATOS,Chargé d’Affaires Territoriales – Projets Éoliens F/H,- Courbevoie (92),https://www.indeed.fr/jobs?q=Alternance%20data&l=Paris%20(75)&fromage=14&start=150&vjk=a8f131a887417e87
Alan Allman Associates,Consultant--Data Analyste,- Paris (75),https://www.indeed.fr/jobs?q=Alternance%20data&l=Paris%20(75)&fromage=14&start=150&vjk=e5b26565eca75d46
SAVEURS ET VIE,"Chargé projet, gestionnaire flotte H/F",- Orly (94),https://www.indeed.fr/jobs?q=Alternance%20data&l=Paris%20(75)&fromage=14&start=150&vjk=5f9cf9ee83cd0bf4
EXTIA,Stage - Chargé(e) de Projets mécénats de compétences - IDF,- Sèvres (92),https://www.indeed.fr/jobs?q=Alternance%20data&l=Paris%20(75)&fromage=14&start=150&vjk=e345bc96882ed0dd
Getpro,Data Engineer AWS,- Paris (75),https://www.indeed.fr/jobs?q=Alternance%20data&l=Paris%20(75)&fromage=14&start=150&vjk=5a154128c1e44f68
Highline Paris,Architecte chargé de projet pour un ensemble tertiaire,- Paris (75),https://www.indeed.fr/jobs?q=Alternance%20data&l=Paris%20(75)&fromage=14&start=150&vjk=da4d8ea979bbb8ec
Hauts-de-Seine Habitat,Alternant Chargé de Prévention (PST) H/F,- Levallois-Perret (92),https://www.indeed.fr/jobs?q=Alternance%20data&l=Paris%20(75)&fromage=14&start=150&vjk=fa061e1aaea89136
Qonto,Lead Data Engineer,- Paris (75),https://www.indeed.fr/jobs?q=Alternance%20data&l=Paris%20(75)&fromage=14&start=150&vjk=5e2afd5a50571c41
Ditesco,Chargé de communication en alternance,- Villejuif (94),https://www.indeed.fr/jobs?q=Alternance%20data&l=Paris%20(75)&fromage=14&start=150&vjk=a40d931e4e4d48fb
ALTER SOLUTIONS,Data engineer F/H,- Paris 1er (75),https://www.indeed.fr/jobs?q=Alternance%20data&l=Paris%20(75)&fromage=14&start=150&vjk=28cc720300f884a6
Intersport,Alternance - Business Analyst H/F,- Longjumeau (91),https://www.indeed.fr/jobs?q=Alternance%20data&l=Paris%20(75)&fromage=14&start=150&vjk=53873b4607e84228
Natixis,Stage - 6 mois - Data Scientist (H/F) - Paris 13ème,- Paris (75),https://www.indeed.fr/jobs?q=Alternance%20data&l=Paris%20(75)&fromage=14&start=160&vjk=c9908fe429aad396
Extia,Stage - Chargé(e) de Projets mécénats de compétences - IDF,- Paris (75),https://www.indeed.fr/jobs?q=Alternance%20data&l=Paris%20(75)&fromage=14&start=160&vjk=64ee5c7c0920d51d
ANSES,Chargé de projets européens - ANSES,- Maisons-Alfort (94),https://www.indeed.fr/jobs?q=Alternance%20data&l=Paris%20(75)&fromage=14&start=160&vjk=18a25d5e4f7b94a4
Nexity,Chargé(e) de projet conformité (H/F) – STAGE/ANNEE CESURE,- Paris 8e (75),https://www.indeed.fr/jobs?q=Alternance%20data&l=Paris%20(75)&fromage=14&start=160&vjk=b10a0668fccc7ed4
Crédit Agricole,ALTERNANCE - Assistant chargé de projet marketing - Marché des professionnels H/F,- Paris (75),https://www.indeed.fr/jobs?q=Alternance%20data&l=Paris%20(75)&fromage=14&start=160&vjk=2f721494967adcf0
Dassault Systèmes,STAGE - Automatic code correction - Software Data Scientist (H/F),- Vélizy-Villacoublay (78),https://www.indeed.fr/jobs?q=Alternance%20data&l=Paris%20(75)&fromage=14&start=160&vjk=711a9b1dca2c9cba
Back Market,Lead Data Scientist,- Paris (75),https://www.indeed.fr/jobs?q=Alternance%20data&l=Paris%20(75)&fromage=14&start=160&vjk=69b0a8c717459e82
Louis Vuitton,Alternance – Assistant(e) Développement PAP Homme (F/H),- Paris (75),https://www.indeed.fr/jobs?q=Alternance%20data&l=Paris%20(75)&fromage=14&start=160&vjk=12858945120b7cf8
Elsan,UN(E) ASSISTANT(E) QUALITE en ALTERNANCE,- Stains (93),https://www.indeed.fr/jobs?q=Alternance%20data&l=Paris%20(75)&fromage=14&start=160&vjk=69c270e994fa9eba
,consultant informatique Finance de Marché (ARPSON)/ Développeur Power BI (reporting) (h/f),- Paris (75),https://www.indeed.fr/jobs?q=Alternance%20data&l=Paris%20(75)&fromage=14&start=160&vjk=3fc7830dc21e63d8&advn=2715648309700515
NATIXIS stage,Alternance - (1 AN) - Assistant(e) Chef de Projet IT Finance - 75013 Paris F/H,- Paris 1er (75),https://www.indeed.fr/jobs?q=Alternance%20data&l=Paris%20(75)&fromage=14&start=160&vjk=b2d594d5f9ace376
NATIXIS,Alternance - (1 AN) - Assistant(e) Chef de Projet IT Finance - 75013 Paris,- Paris (75),https://www.indeed.fr/jobs?q=Alternance%20data&l=Paris%20(75)&fromage=14&start=160&vjk=33afa0e1d486797d
FREE,Alternance Assistant Chef de Projet Communication F/H,- Paris 8e (75),https://www.indeed.fr/jobs?q=Alternance%20data&l=Paris%20(75)&fromage=14&start=160&vjk=bedf8ed286f5b6f9
Dassault Systèmes,STAGE - Chargé de projet - Développement Durable (H/F),- Vélizy-Villacoublay (78),https://www.indeed.fr/jobs?q=Alternance%20data&l=Paris%20(75)&fromage=14&start=160&vjk=84f5d6d571030b6d
Ubisoft,Data Engineer H/F,- Montreuil (93),https://www.indeed.fr/jobs?q=Alternance%20data&l=Paris%20(75)&fromage=14&start=160&vjk=acd18eefd9e5e9b4
Jellysmack,Senior Data Scientist H/F - CDI (Levallois/Corte),- Levallois-Perret (92),https://www.indeed.fr/jobs?q=Alternance%20data&l=Paris%20(75)&fromage=14&start=170&advn=997647825922521&vjk=dfb486f67333639f
Alliance Automotive Group,Manager Reporting BI/ Business Analyst (H/F),- Levallois-Perret (92),https://www.indeed.fr/jobs?q=Alternance%20data&l=Paris%20(75)&fromage=14&start=170&vjk=bb3a01cf859d6285
Devoteam,Consultant Data Engineer #kubernetes #ELK #Ansible H/F,- Levallois-Perret (92),https://www.indeed.fr/jobs?q=Alternance%20data&l=Paris%20(75)&fromage=14&start=170&vjk=0795a9eab1c8b81d
BlaBlaCar,Junior Data Software Engineer - Warehouse,- Paris (75),https://www.indeed.fr/jobs?q=Alternance%20data&l=Paris%20(75)&fromage=14&start=170&vjk=4379708243288420
Infogene,Data Engineer (H/F),- Neuilly-sur-Seine (92),https://www.indeed.fr/jobs?q=Alternance%20data&l=Paris%20(75)&fromage=14&start=170&vjk=d7fc3942180f16dd
Devoteam,Senior Data Engineer #Hadoop #Spark #Kafka,- Levallois-Perret (92),https://www.indeed.fr/jobs?q=Alternance%20data&l=Paris%20(75)&fromage=14&start=170&vjk=bb77f6bd3d4115b0
Clubeling,Alternance développeur fullstack,- Paris 8e (75),https://www.indeed.fr/jobs?q=Alternance%20data&l=Paris%20(75)&fromage=14&start=170&vjk=04d49aac8cc81a40
Fed Finance,Data Analyst - H/F,- Paris (75),https://www.indeed.fr/jobs?q=Alternance%20data&l=Paris%20(75)&fromage=14&start=170&vjk=494a924b167269f2
Orano,Alternance Développeur Web/IHM F/H,- Châtillon (92),https://www.indeed.fr/jobs?q=Alternance%20data&l=Paris%20(75)&fromage=14&start=170&vjk=211110b213354a50
ARONDOR,Data scientist computer vision F/H,- Paris 8e (75),https://www.indeed.fr/jobs?q=Alternance%20data&l=Paris%20(75)&fromage=14&start=170&vjk=40d3209d629fc293
EXTIA,Stage - Chargé(e) de Projets mécénats de compétences - IDF,- Sèvres (92),https://www.indeed.fr/jobs?q=Alternance%20data&l=Paris%20(75)&fromage=14&start=170&vjk=e345bc96882ed0dd
Molotov,Senior Data Analyst H/F ParisCDI,- Paris (75),https://www.indeed.fr/jobs?q=Alternance%20data&l=Paris%20(75)&fromage=14&start=170&vjk=8f8d91eba75e72e8
Ingeniance,DATA SCIENTIST - F/H,- La Défense (92),https://www.indeed.fr/jobs?q=Alternance%20data&l=Paris%20(75)&fromage=14&start=170&vjk=13c6f8dee15d6e91
YSANCE,Cloud Data Engineer F/H,- Paris 2e (75),https://www.indeed.fr/jobs?q=Alternance%20data&l=Paris%20(75)&fromage=14&start=170&vjk=ca6ecc4c065a8840
AGYLIS,Data Business Analyst,- Paris 3e (75),https://www.indeed.fr/jobs?q=Alternance%20data&l=Paris%20(75)&fromage=14&start=170&vjk=787b300512d54de2
GEODIS,Chargé(e) de Missions Commerce en Alternance H/F,- Gennevilliers (92),https://www.indeed.fr/jobs?q=Alternance%20data&l=Paris%20(75)&fromage=14&start=180&vjk=abfb81c42f1d408f
INVENTIV IT,Consultant Data Scientist (H/F),- Levallois-Perret (92),https://www.indeed.fr/jobs?q=Alternance%20data&l=Paris%20(75)&fromage=14&start=180&vjk=ea93e05bc5fd4501
Innov and Co Diversité,Business Analyst Data - anglais bon / Freelance,- Montrouge (92),https://www.indeed.fr/jobs?q=Alternance%20data&l=Paris%20(75)&fromage=14&start=180&vjk=fd217493212644da
Cadreo,Data Manager et Analyste Processus Gestion S&OP et GPEC F/H,- Courbevoie (92),https://www.indeed.fr/jobs?q=Alternance%20data&l=Paris%20(75)&fromage=14&start=180&vjk=5f8770d20869d642
Monster,Data Analyste Confirmé (H/F),- Villepinte (93),https://www.indeed.fr/jobs?q=Alternance%20data&l=Paris%20(75)&fromage=14&start=180&vjk=0a134f3aeb779368
FREELANCE VISION,Data Analyst IARD / Freelance,- Nanterre (92),https://www.indeed.fr/jobs?q=Alternance%20data&l=Paris%20(75)&fromage=14&start=180&vjk=2caf9882503e4fb4
PwC,Chargé de Reporting & Data Finance – @PwC Neuilly-sur-Seine – CDI – H/F,- Neuilly-sur-Seine (92),https://www.indeed.fr/jobs?q=Alternance%20data&l=Paris%20(75)&fromage=14&start=180&vjk=4b06a7f9dc2ecec0
Innov and Co Diversité,"Data Analyst Denodo et PowerBI, anglais bon / Freelance",- Colombes (92),https://www.indeed.fr/jobs?q=Alternance%20data&l=Paris%20(75)&fromage=14&start=180&vjk=2ae474ad8b916e15
Cadreo,Responsable Data Analyst F/H,- Meudon (92),https://www.indeed.fr/jobs?q=Alternance%20data&l=Paris%20(75)&fromage=14&start=180&vjk=74c2de341c915b53
RATPDev,Stage Data Analyst H/F,- Paris 12e (75),https://www.indeed.fr/jobs?q=Alternance%20data&l=Paris%20(75)&fromage=14&start=180&vjk=d4725301fda3d68c
CAPFi,Data Analyst H/F,- Paris (75),https://www.indeed.fr/jobs?q=Alternance%20data&l=Paris%20(75)&fromage=14&start=180&vjk=49369df7161f9916
SMAC,Alternance - Chargé d'Affaires SAS H/F,- Sarcelles (95),https://www.indeed.fr/jobs?q=Alternance%20data&l=Paris%20(75)&fromage=14&start=180&vjk=53fbd99ace609479
Ilyeum,Data Scientist SQL/ BI / PowerBI/Data Management (H/F) / Freelance,- Charenton-le-Pont (94),https://www.indeed.fr/jobs?q=Alternance%20data&l=Paris%20(75)&fromage=14&start=180&vjk=5206c00ef736d1c6
NATIXIS stage,Alternance - 1 an - Chargé(e) de conformité - PARIS 13ÈME F/H,- Paris 1er (75),https://www.indeed.fr/jobs?q=Alternance%20data&l=Paris%20(75)&fromage=14&start=180&vjk=265167cb6b5db0be
ROTHSCHILD MARTIN MAUREL,Chargé(e) de Projets Finance - CDD F/H,- Paris 8e (75),https://www.indeed.fr/jobs?q=Alternance%20data&l=Paris%20(75)&fromage=14&start=180&vjk=2b878a8737cda32f
Synergie,Chargé de projet d'affaires en industrie F/H,- Vélizy-Villacoublay (78),https://www.indeed.fr/jobs?q=Alternance%20data&l=Paris%20(75)&fromage=14&start=190&advn=8255147672943542&vjk=82b86a87ab974713
NATIXIS,Alternance - 1 an - Chargé(e) de conformité H/F - PARIS 13ÈME,- Paris (75),https://www.indeed.fr/jobs?q=Alternance%20data&l=Paris%20(75)&fromage=14&start=190&vjk=aed977b8568f0c6e
NATIXIS,Alternance (18 ou 24 mois) - Analyste Financier titres non cotés solidaires - 75013 Paris,- Paris (75),https://www.indeed.fr/jobs?q=Alternance%20data&l=Paris%20(75)&fromage=14&start=190&vjk=87c61250a113ab6c
NATIXIS stage,Alternance - 1 an - Chargé de Middle Office - Paris 13ème F/H,- Paris 1er (75),https://www.indeed.fr/jobs?q=Alternance%20data&l=Paris%20(75)&fromage=14&start=190&vjk=758e1f723afc8afd
Rothschild & Co,Chargé(e) de Projets Finance - CDD,- Paris (75),https://www.indeed.fr/jobs?q=Alternance%20data&l=Paris%20(75)&fromage=14&start=190&vjk=7e8e43e6755263a7
Abc Arbitrage,Senior Data Scientist - Python (h/f),- Paris 2e (75),https://www.indeed.fr/jobs?q=Alternance%20data&l=Paris%20(75)&fromage=14&start=190&vjk=9bdab006932452c0
Dassault Systèmes,STAGE - Chargé de projet RSE / Diversité (H/F),- Vélizy-Villacoublay (78),https://www.indeed.fr/jobs?q=Alternance%20data&l=Paris%20(75)&fromage=14&start=190&vjk=28af8b86af63b3af
HAYS,Chargé de projets finance H/F,- Paris (75),https://www.indeed.fr/jobs?q=Alternance%20data&l=Paris%20(75)&fromage=14&start=190&vjk=fc34111dab2abe67
SOLMONDO,Alternant - Chargé(e) d'affaires Cyber,- Paris (75),https://www.indeed.fr/jobs?q=Alternance%20data&l=Paris%20(75)&fromage=14&start=190&vjk=0f322562df05846b
ASSOCIATION DNF POUR UN MONDE ZERO TABAC,Chargé de projet F/H,- Paris 2e (75),https://www.indeed.fr/jobs?q=Alternance%20data&l=Paris%20(75)&fromage=14&start=190&vjk=636c306a4e87c3c0
Université Paris Est Créteil Val de Marne,Chargé de projet junior (EUR LIVE) - Santé,- Créteil (94),https://www.indeed.fr/jobs?q=Alternance%20data&l=Paris%20(75)&fromage=14&start=190&vjk=2bee9e30ffa1cdde
Hanson Regan Limited,IoT & BIG DATA TTECH SPECIALIST ENGINEER / Freelance,- Paris (75),https://www.indeed.fr/jobs?q=Alternance%20data&l=Paris%20(75)&fromage=14&start=190&vjk=2553671ae41d1f29
Chanel,STAGE – Assistant(e) Retail Analyst & Coordinator H/F – Mode Marché France – Décembre 2020/Janvier 2021,- Paris (75),https://www.indeed.fr/jobs?q=Alternance%20data&l=Paris%20(75)&fromage=14&start=190&vjk=33ef8467280063b0
BeTeam,Data Engineer GCP / Freelance,- Neuilly-sur-Seine (92),https://www.indeed.fr/jobs?q=Alternance%20data&l=Paris%20(75)&fromage=14&start=190&vjk=9e5d6fb53c7c5adf
NATIXIS stage,Alternance - 2 ans - Assistant Manager - Paris F/H,- Paris 1er (75),https://www.indeed.fr/jobs?q=Alternance%20data&l=Paris%20(75)&fromage=14&start=190&vjk=16ebdfd2bab08f37
COLLEGE DE PARIS,Alternance - Assistant Marketing (H/F),- Noisiel (77),https://www.indeed.fr/jobs?q=Alternance%20data&l=Paris%20(75)&fromage=14&start=200&advn=7736870941523477&vjk=9e6d824335826356
T-Systems France,Alternant(e) Chargé(e) de communication,- Rueil-Malmaison (92),https://www.indeed.fr/jobs?q=Alternance%20data&l=Paris%20(75)&fromage=14&start=200&vjk=273a57e2d737b1f7
N/A,N/A,N/A,https://www.indeed.fr/jobs?q=Alternance%20data&l=Paris%20(75)&fromage=14&start=200&vjk=a0ea4346b8718cca
N/A,N/A,N/A,https://www.indeed.fr/jobs?q=Alternance%20data&l=Paris%20(75)&fromage=14&start=200&vjk=2fcc0e56b5dda3fc
Extia,Stage - Chargé(e) de Projets mécénats de compétences - IDF,- Paris (75),https://www.indeed.fr/jobs?q=Alternance%20data&l=Paris%20(75)&fromage=14&start=200&vjk=64ee5c7c0920d51d
ABC arbitrage,02. Senior Data Scientist - Python (h/f),- Paris 2e (75),https://www.indeed.fr/jobs?q=Alternance%20data&l=Paris%20(75)&fromage=14&start=200&vjk=9966350a63797f4a
ATIXIS,Alternance - Assistant(e) Technique (H/F),- Courbevoie (92),https://www.indeed.fr/jobs?q=Alternance%20data&l=Paris%20(75)&fromage=14&start=200&vjk=e6a69965a60db48b
CHRONOPOSTFOOD,Assistant(e) Marketing Digital H/F Alternance,- Paris 14e (75),https://www.indeed.fr/jobs?q=Alternance%20data&l=Paris%20(75)&fromage=14&start=200&vjk=591a4f9906bee8f0
Plug In Digital,Assistant(e) Content Manager JV en alternance,- Paris (75),https://www.indeed.fr/jobs?q=Alternance%20data&l=Paris%20(75)&fromage=14&start=200&vjk=9143aa7d1b29f52a
Altesse,Assistant(e) de direction – Alternance 3J/2J,- Paris 9e (75),https://www.indeed.fr/jobs?q=Alternance%20data&l=Paris%20(75)&fromage=14&start=200&vjk=890f9f35b5a2fe39
Mutex,Assistant Marketing en alternance H/F,- Châtillon (92),https://www.indeed.fr/jobs?q=Alternance%20data&l=Paris%20(75)&fromage=14&start=200&vjk=2a94589a38442e02
MISSION LOCALE DE PARIS,Chargé/e de projet entrepreneuriat F/H,- Paris 19e (75),https://www.indeed.fr/jobs?q=Alternance%20data&l=Paris%20(75)&fromage=14&start=200&vjk=adf4cde9269c77ca
N/A,N/A,N/A,https://www.indeed.fr/jobs?q=Alternance%20data&l=Paris%20(75)&fromage=14&start=200&vjk=e4aaf41190a4462a
Meemo,Assistant Marketing Digital - Alternance,- Paris (75),https://www.indeed.fr/jobs?q=Alternance%20data&l=Paris%20(75)&fromage=14&start=200&vjk=de24e45c595cc49b
Thales Group,ALTERNANCE - Assistant Configuration Manager (H/F),- Vélizy-Villacoublay (78),https://www.indeed.fr/jobs?q=Alternance%20data&l=Paris%20(75)&fromage=14&start=200&vjk=7294d275e0b5bebf
Nova Consulting,Data Scientist / Data Engineer (H/F),- Paris (75),https://www.indeed.fr/jobs?q=Alternance%20data&l=Paris%20(75)&fromage=14&start=210&vjk=c72569eba6383b52
INMAC WSTORE,ALTERNANCE - Assistant Web Marketing F/H,- Roissy-en-France (95),https://www.indeed.fr/jobs?q=Alternance%20data&l=Paris%20(75)&fromage=14&start=210&vjk=cacb28d4311c1f34
Facilitess,CHARGE(E) DE PROJET GOODIES,- Charenton-le-Pont (94),https://www.indeed.fr/jobs?q=Alternance%20data&l=Paris%20(75)&fromage=14&start=210&vjk=4ba1779c160dd4fb
mozaik RH,Alternance - chargé de gestion F/H,- Paris 13e (75),https://www.indeed.fr/jobs?q=Alternance%20data&l=Paris%20(75)&fromage=14&start=210&vjk=085a84e1c4481e7b
RD2 CONSEIL,Docteur R&D – Intelligence Artificielle / Data Scientist – REZ F/H,- Boulogne-Billancourt (92),https://www.indeed.fr/jobs?q=Alternance%20data&l=Paris%20(75)&fromage=14&start=210&vjk=35f69f4fa3933e6b
Thales Group,ALTERNANCE - Assistant de Direction (H/F),- Vélizy-Villacoublay (78),https://www.indeed.fr/jobs?q=Alternance%20data&l=Paris%20(75)&fromage=14&start=210&vjk=c51c7e8148b35f0b
Expertise France,CHARGE DE PROJETS « RELEVEMENT ECONOMIQUE » (H/F),- Paris (75),https://www.indeed.fr/jobs?q=Alternance%20data&l=Paris%20(75)&fromage=14&start=210&vjk=8fa9b13afe538b2a
Certinergy & Solutions,Assistant(e) moyens généraux en alternance F/H,- Paris 14e (75),https://www.indeed.fr/jobs?q=Alternance%20data&l=Paris%20(75)&fromage=14&start=210&vjk=86dcf4ca0483b445
Ilyeum,Data-Scientist sénior NLP/Algorithme de clustering /python (H/F) / Freelance,- Paris (75),https://www.indeed.fr/jobs?q=Alternance%20data&l=Paris%20(75)&fromage=14&start=210&vjk=38fb8d498a2215d5
Total,Alternance-Assistant administratif F/H,- Nanterre (92),https://www.indeed.fr/jobs?q=Alternance%20data&l=Paris%20(75)&fromage=14&start=210&vjk=ba01df3d4f60d160
INMAC WSTORE,ALTERNANCE - Assistant Commercial F/H,- Châtenay-Malabry (92),https://www.indeed.fr/jobs?q=Alternance%20data&l=Paris%20(75)&fromage=14&start=210&vjk=bb21857762bf989f
Ingeniance,CDI - BIG DATA ENGINEER- F/H,- La Défense (92),https://www.indeed.fr/jobs?q=Alternance%20data&l=Paris%20(75)&fromage=14&start=210&vjk=99f8927a70cd076e
Carrefour,Alternance - Chargé de Marketing et Communication Digitale (H/F),- Massy (91),https://www.indeed.fr/jobs?q=Alternance%20data&l=Paris%20(75)&fromage=14&start=210&vjk=d5bef36b7bf29be3
RD2 CONSEIL,Docteur R&D – Data Scientist – INV F/H,- Levallois-Perret (92),https://www.indeed.fr/jobs?q=Alternance%20data&l=Paris%20(75)&fromage=14&start=210&vjk=c9ffceaca0758d8e
Crédit du Nord,"Alternance – Community manager : Innovation, Data et IA (H/F)-(H/F)",- Paris 1er (75),https://www.indeed.fr/jobs?q=Alternance%20data&l=Paris%20(75)&fromage=14&start=210&vjk=f27dd33f9b620dbd
Inria,Chargé(e) des partenariats et des projets d’innovation (CPPI),- Palaiseau (91),https://www.indeed.fr/jobs?q=Alternance%20data&l=Paris%20(75)&fromage=14&start=220&vjk=f4a9652b1fbefe25
AVEM,Chargé de projets techniques H/F,- Lognes (77),https://www.indeed.fr/jobs?q=Alternance%20data&l=Paris%20(75)&fromage=14&start=220&vjk=53f51526f1c488e6
KS SERVICES AGENCY,Assistant(e) Manager en Alternance,- Orsay (91),https://www.indeed.fr/jobs?q=Alternance%20data&l=Paris%20(75)&fromage=14&start=220&vjk=d131758e0e7ee5cb
EXTIA,Stage - Chargé(e) de Projets mécénats de compétences - IDF,- Sèvres (92),https://www.indeed.fr/jobs?q=Alternance%20data&l=Paris%20(75)&fromage=14&start=220&vjk=e345bc96882ed0dd
Symrise,Chargé(e) de projet marketing et communication (H/F),- Clichy (92),https://www.indeed.fr/jobs?q=Alternance%20data&l=Paris%20(75)&fromage=14&start=220&vjk=16cba7cf2173be1e
FREE,Chargé de projets travaux boutique - h/f,- Paris (75),https://www.indeed.fr/jobs?q=Alternance%20data&l=Paris%20(75)&fromage=14&start=220&vjk=b43adbe1e1a3d2cb
TF1,Alternance - Assistant Chargé des relations commerciales - H/F,- Boulogne-Billancourt (92),https://www.indeed.fr/jobs?q=Alternance%20data&l=Paris%20(75)&fromage=14&start=220&vjk=ca9f0d432285a1ce
MALLYANCE,Chargé de communication et marketing alternance,- Bagnolet (93),https://www.indeed.fr/jobs?q=Alternance%20data&l=Paris%20(75)&fromage=14&start=220&vjk=5ff871e0a0741d7b
Elsan,UN(E) ASSISTANT(E) QUALITE en ALTERNANCE,- Stains (93),https://www.indeed.fr/jobs?q=Alternance%20data&l=Paris%20(75)&fromage=14&start=220&vjk=be2e1a7c7f5ad3d5
Anses,Chargé de projet en Toxicologie (H/F),- Maisons-Alfort (94),https://www.indeed.fr/jobs?q=Alternance%20data&l=Paris%20(75)&fromage=14&start=220&vjk=1c438dc46e3d20c5
Linkednutri,Alternance - Assistant administratif et financier F/H,- Cachan (94),https://www.indeed.fr/jobs?q=Alternance%20data&l=Paris%20(75)&fromage=14&start=220&vjk=6cf8a3155e1886f6
Ilyeum,Chargé de déploiement produits/ Conduite du changement/ Projets de transformation digitale (H/F) / Freelance,- Paris (75),https://www.indeed.fr/jobs?q=Alternance%20data&l=Paris%20(75)&fromage=14&start=220&vjk=3015ee9c8f4daa52
Ingeniance,DATA SCIENTIST CONFIRME- F/H,- La Défense (92),https://www.indeed.fr/jobs?q=Alternance%20data&l=Paris%20(75)&fromage=14&start=220&vjk=0d093abd9eac69c4
Adéquat,Chargé de projet H/F,- Saint-Denis (93),https://www.indeed.fr/jobs?q=Alternance%20data&l=Paris%20(75)&fromage=14&start=220&vjk=2131412bd4119d16
ATLANTIS RH,Chargé d’affaires Grands Projets Ascenseurs F/H,- Paris 1er (75),https://www.indeed.fr/jobs?q=Alternance%20data&l=Paris%20(75)&fromage=14&start=220&vjk=221f9b77ef7f74b2
ANSES,Chargé de projets européens - ANSES,- Maisons-Alfort (94),https://www.indeed.fr/jobs?q=Alternance%20data&l=Paris%20(75)&fromage=14&start=230&vjk=18a25d5e4f7b94a4
ACH,Chargé d’affaires / Chef de projet F/H,- Nanterre (92),https://www.indeed.fr/jobs?q=Alternance%20data&l=Paris%20(75)&fromage=14&start=230&vjk=d3ce8c39575c7ff1
Elsan,UN(E) ASSISTANT(E) QUALITE en ALTERNANCE,- Stains (93),https://www.indeed.fr/jobs?q=Alternance%20data&l=Paris%20(75)&fromage=14&start=230&vjk=69c270e994fa9eba
AB6 RECRUTEMENT,Chargé de projet en valorisation des CEE F/H,- Boulogne-Billancourt (92),https://www.indeed.fr/jobs?q=Alternance%20data&l=Paris%20(75)&fromage=14&start=230&vjk=fb0296aba4888420
FREE,Alternance assistant(e) chef de projet communication - h/f,- Paris (75),https://www.indeed.fr/jobs?q=Alternance%20data&l=Paris%20(75)&fromage=14&start=230&vjk=339f7ccca9110fd2
EPT EST ENSEMBLE,2 chargés de collections et de projets - section jeunesse (h/f),- Saint-Denis (93),https://www.indeed.fr/jobs?q=Alternance%20data&l=Paris%20(75)&fromage=14&start=230&vjk=a714dfeb94e097f2
Groupe BPCE,ALTERNANCE-Assistant chef de campagne Marketing Relationnel- F/H- Paris,- Paris (75),https://www.indeed.fr/jobs?q=Alternance%20data&l=Paris%20(75)&fromage=14&start=230&vjk=497c9d72be21cf18
Dassault Systèmes,STAGE - Chargé de projets Marketing Industry (H/F),- Vélizy-Villacoublay (78),https://www.indeed.fr/jobs?q=Alternance%20data&l=Paris%20(75)&fromage=14&start=230&vjk=4a092910a6e1d464
INTITEK FOR PEOPLE,Data Scientist / Freelance,- Paris (75),https://www.indeed.fr/jobs?q=Alternance%20data&l=Paris%20(75)&fromage=14&start=230&vjk=4a1e0f7c784caaa0
Mutex,Chargé d’études juridiques en alternance H/F,- Châtillon (92),https://www.indeed.fr/jobs?q=Alternance%20data&l=Paris%20(75)&fromage=14&start=230&vjk=5cf82323606de8f7
HYGITECH,Chargé/e de projets affaires réglementaires F/H,- Paris 9e (75),https://www.indeed.fr/jobs?q=Alternance%20data&l=Paris%20(75)&fromage=14&start=230&vjk=3da85df5e22cb03e
Crédit du Nord,Chargé(e) d'études RSE H/F- Alternance-(H/F),- Paris 1er (75),https://www.indeed.fr/jobs?q=Alternance%20data&l=Paris%20(75)&fromage=14&start=230&vjk=5e1acd00aea1df86
Extia,Alternance - Chargé(e) de Communication / Marque Employeur - IDF H/F,- Paris (75),https://www.indeed.fr/jobs?q=Alternance%20data&l=Paris%20(75)&fromage=14&start=230&vjk=fcf87518e27fcc1c
Crédit mutuel,CHARGE DE CONDUITE DE PROJETS PILOTAGE DES RISQUES (H/F),- Paris (75),https://www.indeed.fr/jobs?q=Alternance%20data&l=Paris%20(75)&fromage=14&start=230&vjk=d1a1daf933edde2e
Atlantis RH,Chargé d'affaires Grands Projets Ascenseurs (H/F),- Paris 18e (75),https://www.indeed.fr/jobs?q=Alternance%20data&l=Paris%20(75)&fromage=14&start=230&vjk=62810408e2e0acf1
ESAS,Assistant juridique H/F en alternance,- Paris 17e (75),https://www.indeed.fr/jobs?q=Alternance%20data&l=Paris%20(75)&fromage=14&start=240&advn=9141807621661081&vjk=45fc87aff9d2a896
Abc Arbitrage,Senior Data Scientist - Python (h/f),- Paris 2e (75),https://www.indeed.fr/jobs?q=Alternance%20data&l=Paris%20(75)&fromage=14&start=240&vjk=9bdab006932452c0
ACH,Chargé d’affaires / Chef de projet F/H,- Paris 16e (75),https://www.indeed.fr/jobs?q=Alternance%20data&l=Paris%20(75)&fromage=14&start=240&vjk=b13f14409a8eadc7
Saint-Gobain,ASSISTANT (e) CHEFS DE MARCHES (H/F) DMBP PARIS 19ème ALTERNANCE,- Paris (75),https://www.indeed.fr/jobs?q=Alternance%20data&l=Paris%20(75)&fromage=14&start=240&vjk=85171a4c739268e8
Grand Paris Aménagement,ASSISTANT JURISTE MARCHES PUBLICS - Alternance (H/F),- Paris (75),https://www.indeed.fr/jobs?q=Alternance%20data&l=Paris%20(75)&fromage=14&start=240&vjk=cb20132938a6d4fd
Louis Vuitton,Alternance - Assistant(e) Achats et Production PAP Femme (F/H),- Paris (75),https://www.indeed.fr/jobs?q=Alternance%20data&l=Paris%20(75)&fromage=14&start=240&vjk=9e959002b69e26b3
VL.,Alternance – Chargé(e) Relations Commerciales H/F – 1 an,- Paris 14e (75),https://www.indeed.fr/jobs?q=Alternance%20data&l=Paris%20(75)&fromage=14&start=240&vjk=d8099a1d8702ae93
NATIXIS stage,Alternance - 1 an - Chargé de formation - PARIS 13ÈME F/H,- Paris 1er (75),https://www.indeed.fr/jobs?q=Alternance%20data&l=Paris%20(75)&fromage=14&start=240&vjk=66355d5402ae5e2d
Air Liquide,STAGE - SIÈGE SOCIAL - Chargé.e de Projets Immobilier - Direction Real Estate / Immobilier (H/F),- Paris (75),https://www.indeed.fr/jobs?q=Alternance%20data&l=Paris%20(75)&fromage=14&start=240&vjk=50719ef91fa00932
BPCE,ALTERNANCE-Assistant chef de campagne Marketing Relationnel- F/H- Paris,- Paris 1er (75),https://www.indeed.fr/jobs?q=Alternance%20data&l=Paris%20(75)&fromage=14&start=240&vjk=a8f83d0cf05f8b0f
INTITEK FOR PEOPLE,Data Engineer / Freelance,- Paris (75),https://www.indeed.fr/jobs?q=Alternance%20data&l=Paris%20(75)&fromage=14&start=240&vjk=fa658309a145c141
DASSAULT SYSTEMES,STAGE - Data Scientist (H/F),- Vélizy-Villacoublay (78),https://www.indeed.fr/jobs?q=Alternance%20data&l=Paris%20(75)&fromage=14&start=240&vjk=694b5308d68954e2
RATPDev,Stage Assistant.e Data Engineer,- Paris 12e (75),https://www.indeed.fr/jobs?q=Alternance%20data&l=Paris%20(75)&fromage=14&start=240&vjk=5a367b9d78bc07a3
Innov and Co Diversité,"data engineer Spark , Powercenter Informatica / Freelance",- Maisons-Alfort (94),https://www.indeed.fr/jobs?q=Alternance%20data&l=Paris%20(75)&fromage=14&start=240&vjk=278e5735cb8c891d
Back Market,Alternance - Human Resources Assistant,- Paris (75),https://www.indeed.fr/jobs?q=Alternance%20data&l=Paris%20(75)&fromage=14&start=240&vjk=dd4baec3160e2dcd
Extia,Stage - Chargé(e) de Projets mécénats de compétences - IDF,- Paris (75),https://www.indeed.fr/jobs?q=Alternance%20data&l=Paris%20(75)&fromage=14&start=250&vjk=64ee5c7c0920d51d
Elsan,UN(E) ASSISTANT(E) QUALITE en ALTERNANCE,- Stains (93),https://www.indeed.fr/jobs?q=Alternance%20data&l=Paris%20(75)&fromage=14&start=250&vjk=be2e1a7c7f5ad3d5
NATIXIS stage,Alternance - 1 an - Chargé d'Etudes RH - Paris F/H,- Paris 1er (75),https://www.indeed.fr/jobs?q=Alternance%20data&l=Paris%20(75)&fromage=14&start=250&vjk=de740483440eae16
Saur,Chargé(e) de Sourcing - Alternance H/F,- Issy-les-Moulineaux (92),https://www.indeed.fr/jobs?q=Alternance%20data&l=Paris%20(75)&fromage=14&start=250&vjk=7279861659bf6866
SOLINA,Assistant(e) Marketing H/F en alternance,- Goussainville (95),https://www.indeed.fr/jobs?q=Alternance%20data&l=Paris%20(75)&fromage=14&start=250&vjk=8184fa01047b4e8f
Korian,Chargé de projets Hôtellerie et Restauration en alternance H/F,- Paris (75),https://www.indeed.fr/jobs?q=Alternance%20data&l=Paris%20(75)&fromage=14&start=250&vjk=b28e038619fc7327
Le Sanctuaire Holding,Assistant de direction H/F en alternance,- Courbevoie (92),https://www.indeed.fr/jobs?q=Alternance%20data&l=Paris%20(75)&fromage=14&start=250&vjk=03e63b06345647f7
Ubisoft,Alternance/Stage Janvier 2021 - EMEA Employee Experience Assistant (H/F),- Paris (75),https://www.indeed.fr/jobs?q=Alternance%20data&l=Paris%20(75)&fromage=14&start=250&vjk=6a1ea058ee38b955
Saint-Gobain,ASSISTANT FORMATION (H/F) – ALTERNANCE – BOIS-PANNEAUX - PARIS 19ème (H/F),- Paris (75),https://www.indeed.fr/jobs?q=Alternance%20data&l=Paris%20(75)&fromage=14&start=250&vjk=10a5f41c1c3e7164
SUEZ,Alternant Chargé de Projet RH (H/F),- La Défense (92),https://www.indeed.fr/jobs?q=Alternance%20data&l=Paris%20(75)&fromage=14&start=250&vjk=8b7ed092a84c4a89
Crédit du Nord,Alternance – Chargé d'Etudes Prêts Réglementés (H/F)-(H/F),- Paris 1er (75),https://www.indeed.fr/jobs?q=Alternance%20data&l=Paris%20(75)&fromage=14&start=250&vjk=61a76247b9bddff9
Transdev,Alternance - Chargé(e) de process RH H/F,- Issy-les-Moulineaux (92),https://www.indeed.fr/jobs?q=Alternance%20data&l=Paris%20(75)&fromage=14&start=250&vjk=a3c9df6227f80c1f
Groupe Poste Habitat - TOIT ET JOIE,"Chargé(e) de Développement Social, Urbain et Incivilités - EN ALTERNANCE",- Paris (75),https://www.indeed.fr/jobs?q=Alternance%20data&l=Paris%20(75)&fromage=14&start=250&vjk=cfbd6560cf4b3156
France Médias Monde,Assistant relations institutionnelles H/F – en alternance,- Issy-les-Moulineaux (92),https://www.indeed.fr/jobs?q=Alternance%20data&l=Paris%20(75)&fromage=14&start=250&vjk=608c18fab44d9c8f
TALENTIS HORIZON,Assistant marketing/commercial en alternance (H/F),- Hauts-de-Seine,https://www.indeed.fr/jobs?q=Alternance%20data&l=Paris%20(75)&fromage=14&start=250&vjk=5efbaffe43b193b2
Discovery,ALTERNANCE Assistant(e) développement RH,- Issy-les-Moulineaux (92),https://www.indeed.fr/jobs?q=Alternance%20data&l=Paris%20(75)&fromage=14&start=260&vjk=4483d3590fb3332c
CPAM DE LA SEINE-SAINT-DENIS,EXPERT EN ANALYSES DE DONNEES / DATA SCIENTIST,- Bobigny (93),https://www.indeed.fr/jobs?q=Alternance%20data&l=Paris%20(75)&fromage=14&start=260&vjk=276753f05fbf96e0
Showroomprive.com,Chargé de projet RH (Alternance) - H/F,- Saint-Denis (93),https://www.indeed.fr/jobs?q=Alternance%20data&l=Paris%20(75)&fromage=14&start=260&vjk=e722cb9232b2ac27
AGORA Immobilier,Alternance B+3 ou B+4 : Assistant Resp. du développement foncier (H/F),- Paris 17e (75),https://www.indeed.fr/jobs?q=Alternance%20data&l=Paris%20(75)&fromage=14&start=260&vjk=a53897beebc454da
ABC arbitrage,02. Senior Data Scientist - Python (h/f),- Paris 2e (75),https://www.indeed.fr/jobs?q=Alternance%20data&l=Paris%20(75)&fromage=14&start=260&vjk=9966350a63797f4a
Ubisoft,Stage Janvier 2021 - EMEA Brand Content Analyst Assistant (H/F ),- Paris (75),https://www.indeed.fr/jobs?q=Alternance%20data&l=Paris%20(75)&fromage=14&start=260&vjk=89c1ef7a671e4ba1
Groupe PROSERVIA,Assistant QSE en alternance (H/F),- Nanterre (92),https://www.indeed.fr/jobs?q=Alternance%20data&l=Paris%20(75)&fromage=14&start=260&vjk=c5cc5596e88fb143
Saur,Chargé(e) Ressources Humaines Analytiques - Alternance H/F,- Issy-les-Moulineaux (92),https://www.indeed.fr/jobs?q=Alternance%20data&l=Paris%20(75)&fromage=14&start=260&vjk=8b1be93441f9d068
TALENTIS HORIZON,Assistant(e) Commercial(e) en Alternance H/F,- Paris (75),https://www.indeed.fr/jobs?q=Alternance%20data&l=Paris%20(75)&fromage=14&start=260&vjk=0223e5d3c85c6c04
Colas Ile-de-France Normandie,Assistant(e) Exploitation en alternance H/F,- Gennevilliers (92),https://www.indeed.fr/jobs?q=Alternance%20data&l=Paris%20(75)&fromage=14&start=260&vjk=782a192fb579c0d8
SAUR,Chargé(e) Ressources Humaines Analytiques - Alternance F/H,- Issy-les-Moulineaux (92),https://www.indeed.fr/jobs?q=Alternance%20data&l=Paris%20(75)&fromage=14&start=260&vjk=14b7e072757ca290
Generationnel,Chargé relation client - Energie (F-H) – Paris – Alternance,- Paris (75),https://www.indeed.fr/jobs?q=Alternance%20data&l=Paris%20(75)&fromage=14&start=260&vjk=fd13907b10d43ce8
La Relève,Alternance - Assistant Product Owner,- Paris (75),https://www.indeed.fr/jobs?q=Alternance%20data&l=Paris%20(75)&fromage=14&start=260&vjk=012dba954d104af1
Nexity Property Management,Apprenti(e) Assistant(e) RH - ALTERNANCE,- Clichy (92),https://www.indeed.fr/jobs?q=Alternance%20data&l=Paris%20(75)&fromage=14&start=260&vjk=547058ef587d3105
Saur,Alternant(e) -Chargé(e) de Ressources Humaines H/F,- Issy-les-Moulineaux (92),https://www.indeed.fr/jobs?q=Alternance%20data&l=Paris%20(75)&fromage=14&start=260&vjk=ef6924f19ad64a0c
CPAM DE LA SEINE-SAINT-DENIS,EXPERT EN ANALYSES DE DONNEES / DATA SCIENTIST,- Bobigny (93),https://www.indeed.fr/jobs?q=Alternance%20data&l=Paris%20(75)&fromage=14&start=270&vjk=1aa6e14c54e10b56
COLAS,Assistant(e) Exploitation en alternance H/F,- Gennevilliers (92),https://www.indeed.fr/jobs?q=Alternance%20data&l=Paris%20(75)&fromage=14&start=270&vjk=87bdd2d50b2fe289
Abc Arbitrage,Senior Data Scientist - Python (h/f),- Paris 2e (75),https://www.indeed.fr/jobs?q=Alternance%20data&l=Paris%20(75)&fromage=14&start=270&vjk=9bdab006932452c0
Paris Habitat,Chargé de recrutement - ALTERNANCE (H/F),- Paris (75),https://www.indeed.fr/jobs?q=Alternance%20data&l=Paris%20(75)&fromage=14&start=270&vjk=143423b5390b8558
NATIXIS,ALTERNANCE - (1 AN) - ASSISTANT(E) COMMUNICATION & MARKETING (H/F) - 75013 PARIS,- Paris (75),https://www.indeed.fr/jobs?q=Alternance%20data&l=Paris%20(75)&fromage=14&start=270&vjk=d8f49a2b2fdaea1f
Showroomprive.com,Chargé de paie et administration du personnel (Alternance) - H/F,- Saint-Denis (93),https://www.indeed.fr/jobs?q=Alternance%20data&l=Paris%20(75)&fromage=14&start=270&vjk=c735fc225229a194
Groupama Assurances Mutuelles,Chargé.e de projets marketing en stage H/F,- Nanterre (92),https://www.indeed.fr/jobs?q=Alternance%20data&l=Paris%20(75)&fromage=14&start=270&vjk=9934163495e3a075
NETROCK,Assistant(e) de gestion (H/F) (en alternance),- Asnières-sur-Seine (92),https://www.indeed.fr/jobs?q=Alternance%20data&l=Paris%20(75)&fromage=14&start=270&vjk=07fc78e1058925a8
ISOFIS,Assistant de gestion en alternance H/F,- Nanterre (92),https://www.indeed.fr/jobs?q=Alternance%20data&l=Paris%20(75)&fromage=14&start=270&vjk=6a88b6f5188c6e1f
autobiz,Alternance - Chargé de Clientèle à Distance F/H - SGE,- Courbevoie (92),https://www.indeed.fr/jobs?q=Alternance%20data&l=Paris%20(75)&fromage=14&start=270&vjk=0a1562b062c699cd
MALLYANCE,Chargée de recrutement (alternance) H/F,- Bagnolet (93),https://www.indeed.fr/jobs?q=Alternance%20data&l=Paris%20(75)&fromage=14&start=270&vjk=1f3e932f4d145b4a
PRINTEMPS,ALTERNANCE Assistant responsable développement services client H/F,- Paris (75),https://www.indeed.fr/jobs?q=Alternance%20data&l=Paris%20(75)&fromage=14&start=270&vjk=6520bb8d938b5d9d
Eksaé,Alternance Assistant Marketing & Communication H/F,- Rueil-Malmaison (92),https://www.indeed.fr/jobs?q=Alternance%20data&l=Paris%20(75)&fromage=14&start=270&vjk=2255642fb5dd695a
Tigersun media group,Chargé(e) de webmarketing (growth hacking) et communication Youtube - alternance,- Orsay (91),https://www.indeed.fr/jobs?q=Alternance%20data&l=Paris%20(75)&fromage=14&start=270&vjk=a3600976ad99d55b
Gefco,Assistant administratif RH – Alternance (H/F),- Puteaux (92),https://www.indeed.fr/jobs?q=Alternance%20data&l=Paris%20(75)&fromage=14&start=270&vjk=540dd443e299eb54
Teolia,CHARGE(E) DE RECRUTEMENT IT Alternance F/H,- Neuilly-sur-Seine (92),https://www.indeed.fr/jobs?q=Alternance%20data&l=Paris%20(75)&fromage=14&start=280&vjk=2674f9e849b3c279
Leyton,Alternant(e) Chargé(e) de recrutement & Relations écoles,- Issy-les-Moulineaux (92),https://www.indeed.fr/jobs?q=Alternance%20data&l=Paris%20(75)&fromage=14&start=280&vjk=559b29fe294c1765
Dentego,Chargé(e) de Recrutement en alternance H/F,- Boulogne-Billancourt (92),https://www.indeed.fr/jobs?q=Alternance%20data&l=Paris%20(75)&fromage=14&start=280&vjk=711bc50abe3bfa51
Linkednutri,Alternance - Assistant administratif et financier,- Cachan (94),https://www.indeed.fr/jobs?q=Alternance%20data&l=Paris%20(75)&fromage=14&start=280&vjk=3915776f118be55c
ESAGE,Assistant(e) de Manager – BTS SAM en alternance - Rentrée Octobre 2020,- Paris (75),https://www.indeed.fr/jobs?q=Alternance%20data&l=Paris%20(75)&fromage=14&start=280&vjk=b03d6b52f651395b
ELYAS CONSEIL,Assistante de Direction et Ressources Humaines H/F - Alternance,- Paris 16e (75),https://www.indeed.fr/jobs?q=Alternance%20data&l=Paris%20(75)&fromage=14&start=280&vjk=7709d09c8d9a08d3
KPARK,Assistant(e) paie en alternance (H/F),- Boulogne-Billancourt (92),https://www.indeed.fr/jobs?q=Alternance%20data&l=Paris%20(75)&fromage=14&start=280&vjk=afde870e3a24d081
ACH,Chargé d’affaires / Chef de projet F/H,- Paris 16e (75),https://www.indeed.fr/jobs?q=Alternance%20data&l=Paris%20(75)&fromage=14&start=280&vjk=b13f14409a8eadc7
Ladybirds Films,OFFRE ALTERNANCE ASSISTANT(E) GESTION & ADMINISTRATIF,- Paris 7e (75),https://www.indeed.fr/jobs?q=Alternance%20data&l=Paris%20(75)&fromage=14&start=280&vjk=3c0fbf7b2bc77669
MGEN,Chargé de formation H/F - Alternance,- Paris (75),https://www.indeed.fr/jobs?q=Alternance%20data&l=Paris%20(75)&fromage=14&start=280&vjk=a604a79b91007890
AEPBN Association Emmaüs Port Marly Bougival Nanterre,Assistant de gestion H/F en alternance - APPRENTISSAGE,- Bougival (78),https://www.indeed.fr/jobs?q=Alternance%20data&l=Paris%20(75)&fromage=14&start=280&vjk=b661a70de4b6a543
Aperlead,Chargée de recrutement (alternance) H/F,- Paris (75),https://www.indeed.fr/jobs?q=Alternance%20data&l=Paris%20(75)&fromage=14&start=280&vjk=54a1fc8f7678cb49
AXENTIA,Chargé·e de projets numériques - Patrimoine H/F,- Paris (75),https://www.indeed.fr/jobs?q=Alternance%20data&l=Paris%20(75)&fromage=14&start=280&vjk=26b73662396c6ac4
TALENTIS HORIZON,ASSISTANT CASH MANAGER EN ALTERNANCE (H/F),- Hauts-de-Seine,https://www.indeed.fr/jobs?q=Alternance%20data&l=Paris%20(75)&fromage=14&start=280&vjk=f3b23f994b6a299f
Europ Assistance France,Compliance Analyst en alternance,- Gennevilliers (92),https://www.indeed.fr/jobs?q=Alternance%20data&l=Paris%20(75)&fromage=14&start=280&vjk=13d48f869de277fb
Elsan,UN(E) ASSISTANT(E) QUALITE en ALTERNANCE,- Stains (93),https://www.indeed.fr/jobs?q=Alternance%20data&l=Paris%20(75)&fromage=14&start=290&vjk=69c270e994fa9eba
Allianz France,Alternance Assistant(e) comptable,- Paris (75),https://www.indeed.fr/jobs?q=Alternance%20data&l=Paris%20(75)&fromage=14&start=290&vjk=42473f2138b23a67
KS Services,Assistant(e) Manager en Alternance,- Orsay (91),https://www.indeed.fr/jobs?q=Alternance%20data&l=Paris%20(75)&fromage=14&start=290&vjk=44ff0204d3aefb27
EXTIA,Stage - Chargé(e) de Projets mécénats de compétences - IDF,- Sèvres (92),https://www.indeed.fr/jobs?q=Alternance%20data&l=Paris%20(75)&fromage=14&start=290&vjk=e345bc96882ed0dd
COLLEGE DE PARIS,Assistant(e) controleur de gestion en alternance (H/F),- Lognes (77),https://www.indeed.fr/jobs?q=Alternance%20data&l=Paris%20(75)&fromage=14&start=290&vjk=9698b515c77f13df&advn=7736870941523477
BPCE,Alternance- 1 an- Chargé d'études RH Diversité H/F - Paris,- Paris 1er (75),https://www.indeed.fr/jobs?q=Alternance%20data&l=Paris%20(75)&fromage=14&start=290&vjk=20e1c35acff30ada
Crédit du Nord,Alternance Assistant(e) de Manager H/F-(H/F),- Paris 1er (75),https://www.indeed.fr/jobs?q=Alternance%20data&l=Paris%20(75)&fromage=14&start=290&vjk=ead6fd441d11001a
COLLEGE DE PARIS,Assistant Juridique en Alternance (H/F),- Neuilly-sur-Seine (92),https://www.indeed.fr/jobs?q=Alternance%20data&l=Paris%20(75)&fromage=14&start=290&vjk=2181f5d0a79e7e98&advn=7736870941523477
Eiffage Énergie Systèmes,Assistant(e) aux Ressources Humaines en alternance.,- Saint-Denis (93),https://www.indeed.fr/jobs?q=Alternance%20data&l=Paris%20(75)&fromage=14&start=290&vjk=f5c1b5ae8ab7c381
Schneider Electric,Alternance Analyste trésorerie Back Office & Cash Management- (Paris) - H/F,- Rueil-Malmaison (92),https://www.indeed.fr/jobs?q=Alternance%20data&l=Paris%20(75)&fromage=14&start=290&vjk=1726de56252a5998
Crédit Foncier,Alternance Chargé.e d'Etudes Risques financiers,- Paris 1er (75),https://www.indeed.fr/jobs?q=Alternance%20data&l=Paris%20(75)&fromage=14&start=290&vjk=a799f75721ab3f7c
Groupe Ares,Chargé.e de formation – Projet Mobil’Emploi – Siège,- Pantin (93),https://www.indeed.fr/jobs?q=Alternance%20data&l=Paris%20(75)&fromage=14&start=290&vjk=b976a8caa30dda2a
BUREAU VERITAS,Chargé de projet Metiers HSE F/H,- La Défense (92),https://www.indeed.fr/jobs?q=Alternance%20data&l=Paris%20(75)&fromage=14&start=290&vjk=cc116ef98995c0bf
Michael Page,Chargé de Projet CEE H/F - Acteur majeur dans le secteur énergétique - Valorisation énergétique,- Val-de-Marne,https://www.indeed.fr/jobs?q=Alternance%20data&l=Paris%20(75)&fromage=14&start=290&vjk=1743ab7744080aea
AFPA,Chef de projet/Chargé.e de mission - Certification - VAE - H/F,- Montreuil (93),https://www.indeed.fr/jobs?q=Alternance%20data&l=Paris%20(75)&fromage=14&start=290&vjk=2aad0d7c63d64403
Extia,Stage - Chargé(e) de Projets mécénats de compétences - IDF,- Paris (75),https://www.indeed.fr/jobs?q=Alternance%20data&l=Paris%20(75)&fromage=14&start=300&vjk=64ee5c7c0920d51d
Safran,Apprenti(e) HR Data analyst/Chargé de rémunération et contrôle de gestion sociale H/F H/F,- Vélizy-Villacoublay (78),https://www.indeed.fr/jobs?q=Alternance%20data&l=Paris%20(75)&fromage=14&start=300&vjk=62eb5deebc1d9a86
ACH,Chargé d’affaires / Chef de projet F/H,- Nanterre (92),https://www.indeed.fr/jobs?q=Alternance%20data&l=Paris%20(75)&fromage=14&start=300&vjk=d3ce8c39575c7ff1
Dassault Systèmes,STAGE - Chargé(e) de projet RH en innovation pédagogique (H/F),- Vélizy-Villacoublay (78),https://www.indeed.fr/jobs?q=Alternance%20data&l=Paris%20(75)&fromage=14&start=300&vjk=b32a639c8d5cbc5f
Haier,Chargé de Recrutement et Formation (H/F) – Stage ou Alternance,- Saint-Denis (93),https://www.indeed.fr/jobs?q=Alternance%20data&l=Paris%20(75)&fromage=14&start=300&vjk=9807567c4b9dc6de
PEGAS Group,Assistant de gestion en alternance H/F,- Buc (78),https://www.indeed.fr/jobs?q=Alternance%20data&l=Paris%20(75)&fromage=14&start=300&vjk=72f8ebec0ae917ee
StepStone,Chargé Etudes Projets Marchés Financiers F/H,- Paris 1er (75),https://www.indeed.fr/jobs?q=Alternance%20data&l=Paris%20(75)&fromage=14&start=300&vjk=b16a533029cbd3a8
Lactalis,Stagiaire (H/F) Chargé de projet Supply Chain - Supply & Demand Planning (6 mois),- Paris 15e (75),https://www.indeed.fr/jobs?q=Alternance%20data&l=Paris%20(75)&fromage=14&start=300&vjk=c1bfd7682fad9321
EFS,Chargé(e) de projet Juridique RH F/H,- Saint-Denis (93),https://www.indeed.fr/jobs?q=Alternance%20data&l=Paris%20(75)&fromage=14&start=300&vjk=c9c5ae42b29bd0a7
SIBELIANTHE,Alternant(e) Chargé(e) de projet Market Study & Marketing F/H,- Suresnes (92),https://www.indeed.fr/jobs?q=Alternance%20data&l=Paris%20(75)&fromage=14&start=300&vjk=424a24e1d89ab236
Louis Vuitton,Alternance – Assistant(e) Campus Management & Ressources Humaines Siège (F/H),- Paris (75),https://www.indeed.fr/jobs?q=Alternance%20data&l=Paris%20(75)&fromage=14&start=300&vjk=ce60776ead84b0b1
Devoteam,Alternance - Assistant(e) comptable trésorerie (H/F),- Levallois-Perret (92),https://www.indeed.fr/jobs?q=Alternance%20data&l=Paris%20(75)&fromage=14&start=300&vjk=438c8c89f805b127
Sejer,Alternance Assistant comptable (H/F),- Paris (75),https://www.indeed.fr/jobs?q=Alternance%20data&l=Paris%20(75)&fromage=14&start=300&vjk=4752a7c454bfdf9e
Joovence,DÉVELOPPEUR FULLSTACK - ALTERNANCE,- Paris 13e (75),https://www.indeed.fr/jobs?q=Alternance%20data&l=Paris%20(75)&fromage=14&start=300&vjk=2c5ecacdaa51f70c
Groupe BPCE,Alternance- 1 an- Chargé d’études RH Diversité H/F - Paris,- Paris (75),https://www.indeed.fr/jobs?q=Alternance%20data&l=Paris%20(75)&fromage=14&start=300&vjk=531502363cf15b4a
Abc Arbitrage,Senior Data Scientist - Python (h/f),- Paris 2e (75),https://www.indeed.fr/jobs?q=Alternance%20data&l=Paris%20(75)&fromage=14&start=310&vjk=9bdab006932452c0
Showroomprive.com,Chargé SI Oracle (alternance) - H/F,- Saint-Denis (93),https://www.indeed.fr/jobs?q=Alternance%20data&l=Paris%20(75)&fromage=14&start=310&vjk=d095abb5780175f6
Klee Group,Alternant - Chargé de comptabilité générale et auxiliaire H/F,- Le Plessis-Robinson (92),https://www.indeed.fr/jobs?q=Alternance%20data&l=Paris%20(75)&fromage=14&start=310&vjk=a31bb2630f65060e
THE KASE,Assistant RH Généraliste H/F en alternance,- Levallois-Perret (92),https://www.indeed.fr/jobs?q=Alternance%20data&l=Paris%20(75)&fromage=14&start=310&vjk=ae6c9487600cfc99
ACH,Chargé d’affaires / Chef de projet F/H,- Paris 16e (75),https://www.indeed.fr/jobs?q=Alternance%20data&l=Paris%20(75)&fromage=14&start=310&vjk=b13f14409a8eadc7
EFFIGEST,Assistant comptable alternance - h/f,- Saint-Germain-en-Laye (78),https://www.indeed.fr/jobs?q=Alternance%20data&l=Paris%20(75)&fromage=14&start=310&vjk=4633e8fa247fe523
ACTIVUS Group,Alternance - Chargé de recrutement (H/F),- Paris 15e (75),https://www.indeed.fr/jobs?q=Alternance%20data&l=Paris%20(75)&fromage=14&start=310&vjk=d4dd32dd9c2d8da1
StedY,CHARGÉ DE PROJETS BIM F/H,- Gentilly (94),https://www.indeed.fr/jobs?q=Alternance%20data&l=Paris%20(75)&fromage=14&start=310&vjk=16c0c2ed93ddc37f
ISD,Assistant(e) Administrative et logistique en alternance ( H/F),- Issy-les-Moulineaux (92),https://www.indeed.fr/jobs?q=Alternance%20data&l=Paris%20(75)&fromage=14&start=310&vjk=95ed468095ee147d
CNP ASSURANCES,CDD - CHARGE DE PROJET FINANCE (6 mois) F/H,- Paris 15e (75),https://www.indeed.fr/jobs?q=Alternance%20data&l=Paris%20(75)&fromage=14&start=310&vjk=56f32057d819f3d2
CODAGE Paris,Assistant(e) Social & Content Marketing (H/F) Stage 6 mois OU Alternance 12 mois,- Paris 3e (75),https://www.indeed.fr/jobs?q=Alternance%20data&l=Paris%20(75)&fromage=14&start=310&vjk=448fa1aefbe4d7c8
STUDYRAMA,Assistant(e) comptable en alternance H/F,- Levallois-Perret (92),https://www.indeed.fr/jobs?q=Alternance%20data&l=Paris%20(75)&fromage=14&start=310&vjk=a79637ef0f85fe68
LESENR,Chargé(e) de projet Construction durable F/H,- Malakoff (92),https://www.indeed.fr/jobs?q=Alternance%20data&l=Paris%20(75)&fromage=14&start=310&vjk=a55f89a186079bbb
FOXPLAN,Alternant/Stage - Développeur(se) Front-End,- Nanterre (92),https://www.indeed.fr/jobs?q=Alternance%20data&l=Paris%20(75)&fromage=14&start=310&vjk=871b58904953e63c
Synergie,Chargé de projet d'affaires en industrie F/H,- Vélizy-Villacoublay (78),https://www.indeed.fr/jobs?q=Alternance%20data&l=Paris%20(75)&fromage=14&start=310&vjk=82b86a87ab974713&advn=8255147672943542
EXTIA,Stage - Chargé(e) de Projets mécénats de compétences - IDF,- Sèvres (92),https://www.indeed.fr/jobs?q=Alternance%20data&l=Paris%20(75)&fromage=14&start=320&vjk=e345bc96882ed0dd
ACH,Chargé d’affaires / Chef de projet F/H,- Nanterre (92),https://www.indeed.fr/jobs?q=Alternance%20data&l=Paris%20(75)&fromage=14&start=320&vjk=d3ce8c39575c7ff1
TALENTIS HORIZON,Assistant marketing/commercial en alternance (H/F),- Hauts-de-Seine,https://www.indeed.fr/jobs?q=Alternance%20data&l=Paris%20(75)&fromage=14&start=320&vjk=5efbaffe43b193b2
Cibiltech,Alternance Développeur·se front end,- Paris (75),https://www.indeed.fr/jobs?q=Alternance%20data&l=Paris%20(75)&fromage=14&start=320&vjk=26e6bf7f1c9b25cd
Dassault Systèmes,STAGE - Assistant support au pilotage des Ventes et analyse de données (H/F),- Meudon (92),https://www.indeed.fr/jobs?q=Alternance%20data&l=Paris%20(75)&fromage=14&start=320&vjk=5e4b0bcf05e8f635
DASSAULT SYSTEMES,STAGE - Data Analyste (H/F),- Vélizy-Villacoublay (78),https://www.indeed.fr/jobs?q=Alternance%20data&l=Paris%20(75)&fromage=14&start=320&vjk=dccc7a1b9d3789f7
New-Flag France,Alternance assistant/e e-commerce et relation client,- Paris 8e (75),https://www.indeed.fr/jobs?q=Alternance%20data&l=Paris%20(75)&fromage=14&start=320&vjk=d02615d0a8c19a72
Linkaband,Alternance / Apprentissage Développeur Web Angular 9 / Symfony 3,- Paris 1er (75),https://www.indeed.fr/jobs?q=Alternance%20data&l=Paris%20(75)&fromage=14&start=320&vjk=81c5c4c59e660319
Ubisoft,Game Designer Assistant - Stage/Alternance (H/F),- Montreuil (93),https://www.indeed.fr/jobs?q=Alternance%20data&l=Paris%20(75)&fromage=14&start=320&vjk=473e2dc40016c838
Dassault Systèmes,STAGE - Chargé de projets Marketing (H/F),- Vélizy-Villacoublay (78),https://www.indeed.fr/jobs?q=Alternance%20data&l=Paris%20(75)&fromage=14&start=320&vjk=5bfd6d1791f836e2
Crédit du Nord,Chargé(e) d'Etudes – Conseiller(e) banque à distance H/F – Alternance – Paris 75-(H/F),- Paris 1er (75),https://www.indeed.fr/jobs?q=Alternance%20data&l=Paris%20(75)&fromage=14&start=320&vjk=dd0a5aa2edc6a624
ADISTA,Chargé(e) de projets IT Système - 91 F/H,- Massy (91),https://www.indeed.fr/jobs?q=Alternance%20data&l=Paris%20(75)&fromage=14&start=320&vjk=4b303aeb5b4c8d02
"Popotes, clique bistronomique",Alternance - Développeur Full-Stack (H/F),- Paris (75),https://www.indeed.fr/jobs?q=Alternance%20data&l=Paris%20(75)&fromage=14&start=320&vjk=cce5022be683bae9
Groupement de l'Interim Francais,Chargé étude - chef de projet see electrical (H/F),- Villejuif (94),https://www.indeed.fr/jobs?q=Alternance%20data&l=Paris%20(75)&fromage=14&start=320&vjk=a8f4e7f58dfe6305
ORGANOTECHNIE,Assistant ADV et logistique en alternance (début sept 2020),- La Courneuve (93),https://www.indeed.fr/jobs?q=Alternance%20data&l=Paris%20(75)&fromage=14&start=320&vjk=2eff8d8f6ba34dce
KOZI TECHNOLOGY,"Développeur web / mobile Ionic Angular, H/F, 12 mois en alternance",- Herblay (95),https://www.indeed.fr/jobs?q=Alternance%20data&l=Paris%20(75)&fromage=14&start=330&vjk=c1477bd3e7db2d52
Expectra.fr,ANALYSTE DEVELOPPEUR BI (F/H),- Paris (75),https://www.indeed.fr/jobs?q=Alternance%20data&l=Paris%20(75)&fromage=14&start=330&vjk=6aa308e9f5ba9e39
Shift Technology,Intern Data Scientist - Spanish Speaking (End-of-studies),- Paris (75),https://www.indeed.fr/jobs?q=Alternance%20data&l=Paris%20(75)&fromage=14&start=330&vjk=4da7f699f56f028e
Club Freelance,Apache Beam Big Data Engineer (H/F) -75 / Freelance,- Paris (75),https://www.indeed.fr/jobs?q=Alternance%20data&l=Paris%20(75)&fromage=14&start=330&vjk=7e5cad25d8a2c0e4
DTA Ingenierie,Data Analyst Confirmé F/H,- Paris 1er (75),https://www.indeed.fr/jobs?q=Alternance%20data&l=Paris%20(75)&fromage=14&start=330&vjk=79e21fa662600150
DEKRA,Chargé(e) de Communication Digitale en Alternance H/F,- Le Plessis-Robinson (92),https://www.indeed.fr/jobs?q=Alternance%20data&l=Paris%20(75)&fromage=14&start=330&vjk=a86733ebd6214d95
SUEZ,Chargée. Chargé de projet Informatique Industrielle et Technique - Supervision et Automatisme,- Croissy-sur-Seine (78),https://www.indeed.fr/jobs?q=Alternance%20data&l=Paris%20(75)&fromage=14&start=330&vjk=f69c1305a8056e67
MS GROUP Paris,CHARGE DE PROJETS ASSURANCE ANGLAIS ESPAGNOL H/F,- Levallois-Perret (92),https://www.indeed.fr/jobs?q=Alternance%20data&l=Paris%20(75)&fromage=14&start=330&vjk=3ef5a72421b86333
HIGHTEAM,"Data Engineer SQL (PS en Sybase IQ, CTRL-M, XML) / Freelance",- Paris (75),https://www.indeed.fr/jobs?q=Alternance%20data&l=Paris%20(75)&fromage=14&start=330&vjk=9564458ae7c1b59e
HIGHTEAM,Développeur BBD - SQL - T-SQL - DataWare - Data Engineer / Freelance,- Paris (75),https://www.indeed.fr/jobs?q=Alternance%20data&l=Paris%20(75)&fromage=14&start=330&vjk=259aff24024aff5d
YSANCE,Data Scientist Senior F/H,- Paris 2e (75),https://www.indeed.fr/jobs?q=Alternance%20data&l=Paris%20(75)&fromage=14&start=330&vjk=d0a6a6fff8708eba
DASSAULT SYSTEMES,STAGE - Analyste marché soins patients & BI (H/F),- Vélizy-Villacoublay (78),https://www.indeed.fr/jobs?q=Alternance%20data&l=Paris%20(75)&fromage=14&start=330&vjk=2b3803572fe217e5
Templeton and Partners Limited,Développeur Power BI / Freelance,- Paris (75),https://www.indeed.fr/jobs?q=Alternance%20data&l=Paris%20(75)&fromage=14&start=330&vjk=208f7b9cfb79372e
Cabinet AB6 recrutement,Chargé de projet en valorisation énergétique,- Issy-les-Moulineaux (92),https://www.indeed.fr/jobs?q=Alternance%20data&l=Paris%20(75)&fromage=14&start=330&vjk=79bc7b9d6662d8f7
Synergie,Chargé de projet d'affaires en industrie F/H,- Vélizy-Villacoublay (78),https://www.indeed.fr/jobs?q=Alternance%20data&l=Paris%20(75)&fromage=14&start=330&vjk=82b86a87ab974713&advn=8255147672943542
Abc Arbitrage,Senior Data Scientist - Python (h/f),- Paris 2e (75),https://www.indeed.fr/jobs?q=Alternance%20data&l=Paris%20(75)&fromage=14&start=340&vjk=9bdab006932452c0
ACH,Chargé d’affaires / Chef de projet F/H,- Paris 16e (75),https://www.indeed.fr/jobs?q=Alternance%20data&l=Paris%20(75)&fromage=14&start=340&vjk=b13f14409a8eadc7
N/A,N/A,N/A,https://www.indeed.fr/jobs?q=Alternance%20data&l=Paris%20(75)&fromage=14&start=340&vjk=5efbaffe43b193b2
N/A,N/A,N/A,https://www.indeed.fr/jobs?q=Alternance%20data&l=Paris%20(75)&fromage=14&start=340&vjk=5d94dd11116dfae4
N/A,N/A,N/A,https://www.indeed.fr/jobs?q=Alternance%20data&l=Paris%20(75)&fromage=14&start=340&vjk=4c185390dd1a7976
N/A,N/A,N/A,https://www.indeed.fr/jobs?q=Alternance%20data&l=Paris%20(75)&fromage=14&start=340&vjk=4380de219e403d3f
OCTOPUS COMPUTER ASSOCIATES,"IoT & Big Data Technical Specialist Engineer Paris, France French and English speaking / Freelance",- Paris (75),https://www.indeed.fr/jobs?q=Alternance%20data&l=Paris%20(75)&fromage=14&start=340&vjk=88b60fb9c40ba3d0
"Julien Cornic, infographiste freelance",Big Data Engineer / Freelance,- Paris (75),https://www.indeed.fr/jobs?q=Alternance%20data&l=Paris%20(75)&fromage=14&start=340&vjk=2e733b9d5cfa8c65
Highline Paris,Architecte chargé de projet pour un grand ensemble de logements,- Paris (75),https://www.indeed.fr/jobs?q=Alternance%20data&l=Paris%20(75)&fromage=14&start=340&vjk=8af9ade62ddea775
Synergie,Chargé de projet d'affaires en industrie F/H,- Vélizy-Villacoublay (78),https://www.indeed.fr/jobs?q=Alternance%20data&l=Paris%20(75)&fromage=14&start=340&vjk=19a7afd46d2e3731
