Entreprise,Offre,Lieu,URL
Finalcad,Data Engineer h/f,- Paris (75),https://www.indeed.fr/jobs?q=Alternance%20data&l=Paris%20(75)&fromage=3&advn=190761308337259&vjk=e7a352628c185e5a
ESAGE,Data Engineer h/f,- Paris (75),https://www.indeed.fr/jobs?q=Alternance%20data&l=Paris%20(75)&fromage=3&advn=1541510057709121&vjk=b03d6b52f651395b
EGROUPE,Data Engineer h/f,- Paris (75),https://www.indeed.fr/jobs?q=Alternance%20data&l=Paris%20(75)&fromage=3&advn=2715648309700515&vjk=c6a15b071035c70e
Human Job,Data Engineer h/f,- Paris 15e (75),https://www.indeed.fr/jobs?q=Alternance%20data&l=Paris%20(75)&fromage=3&advn=2715648309700515&vjk=88111c205af77030
Supermood,Data Engineer h/f,- Paris (75),https://www.indeed.fr/jobs?q=Alternance%20data&l=Paris%20(75)&fromage=3&vjk=65983b233da0f56d
Publicis Media,Data Engineer h/f,- Paris (75),https://www.indeed.fr/jobs?q=Alternance%20data&l=Paris%20(75)&fromage=3&vjk=cb08e945525e4134
Garantme,Data Engineer h/f,- Paris (75),https://www.indeed.fr/jobs?q=Alternance%20data&l=Paris%20(75)&fromage=3&vjk=4a0f3fd429827ef7
VASPP,Data Engineer h/f,- Paris 9e (75),https://www.indeed.fr/jobs?q=Alternance%20data&l=Paris%20(75)&fromage=3&vjk=0e15ffaf1e8eabd4
Outmind,Data Engineer h/f,- Paris (75),https://www.indeed.fr/jobs?q=Alternance%20data&l=Paris%20(75)&fromage=3&vjk=4afa25de17215b3b
Louis Vuitton,Data Engineer h/f,- Paris (75),https://www.indeed.fr/jobs?q=Alternance%20data&l=Paris%20(75)&fromage=3&vjk=11221a73cdf3c18e
Dataiku,Data Engineer h/f,- Paris (75),https://www.indeed.fr/jobs?q=Alternance%20data&l=Paris%20(75)&fromage=3&vjk=2319caacffe878a6
Supermood,Data Engineer h/f,- Paris (75),https://www.indeed.fr/jobs?q=Alternance%20data&l=Paris%20(75)&fromage=3&vjk=2e73252ecb6221ac
PHENIX,Data Engineer h/f,- Paris 17e (75),https://www.indeed.fr/jobs?q=Alternance%20data&l=Paris%20(75)&fromage=3&vjk=1b1ff56086ef1f30
Orano,Data Engineer h/f,- Châtillon (92),https://www.indeed.fr/jobs?q=Alternance%20data&l=Paris%20(75)&fromage=3&vjk=211110b213354a50
ALLINSOURCING,Data Engineer h/f,- Paris (75),https://www.indeed.fr/jobs?q=Alternance%20data&l=Paris%20(75)&fromage=3&vjk=d3af8188aedcd1bd&advn=3020537787203684
SimpliField,Data Engineer h/f,- Paris (75),https://www.indeed.fr/jobs?q=Alternance%20data&l=Paris%20(75)&fromage=3&start=10&vjk=06dd782251355b73
Jobboards,Data Engineer h/f,- Gentilly (94),https://www.indeed.fr/jobs?q=Alternance%20data&l=Paris%20(75)&fromage=3&start=10&vjk=1823973915b43b12
Air France-KLM,Data Engineer h/f,- Roissy-en-France (95),https://www.indeed.fr/jobs?q=Alternance%20data&l=Paris%20(75)&fromage=3&start=10&vjk=cf84805b32cbd065
La Banque de France,Data Engineer h/f,- Paris (75),https://www.indeed.fr/jobs?q=Alternance%20data&l=Paris%20(75)&fromage=3&start=10&vjk=a5b0799c76f9686c
Pandascore,Data Engineer h/f,- Paris (75),https://www.indeed.fr/jobs?q=Alternance%20data&l=Paris%20(75)&fromage=3&start=10&vjk=dba3acb016f3cb68
N/A,Data Engineer h/f,N/A,https://www.indeed.fr/jobs?q=Alternance%20data&l=Paris%20(75)&fromage=3&start=10&vjk=50ac05ac4a0ef892
EDF,Data Engineer h/f,- Paris (75),https://www.indeed.fr/jobs?q=Alternance%20data&l=Paris%20(75)&fromage=3&start=10&vjk=17fe2a565cab665b
McKinsey & Company,Data Engineer h/f,- Paris (75),https://www.indeed.fr/jobs?q=Alternance%20data&l=Paris%20(75)&fromage=3&start=10&vjk=5170baeee9e9137b
Amplifon,Data Engineer h/f,- Arcueil (94),https://www.indeed.fr/jobs?q=Alternance%20data&l=Paris%20(75)&fromage=3&start=10&vjk=d2fe7e2971dca218
Sept Lieues,Data Engineer h/f,- Paris (75),https://www.indeed.fr/jobs?q=Alternance%20data&l=Paris%20(75)&fromage=3&start=10&vjk=91018afba1f113b1
,Data Engineer h/f,- Paris (75),https://www.indeed.fr/jobs?q=Alternance%20data&l=Paris%20(75)&fromage=3&start=10&vjk=3fc7830dc21e63d8&advn=2715648309700515
Trusk,Data Engineer h/f,- Saint-Ouen (93),https://www.indeed.fr/jobs?q=Alternance%20data&l=Paris%20(75)&fromage=3&start=20&vjk=c71d8f7f1b15c04d
Harnham,Data Engineer h/f,- Paris (75),https://www.indeed.fr/jobs?q=Alternance%20data&l=Paris%20(75)&fromage=3&start=20&vjk=bc2e2527b5242091
SHOWROOMPRIVE.COM,Data Engineer h/f,- Saint-Denis (93),https://www.indeed.fr/jobs?q=Alternance%20data&l=Paris%20(75)&fromage=3&start=20&vjk=a87986c9c6b45dcd
Amplifon,Data Engineer h/f,- Arcueil (94),https://www.indeed.fr/jobs?q=Alternance%20data&l=Paris%20(75)&fromage=3&start=20&vjk=ecab53faa244c0a0
CITECH,Data Engineer h/f,- Charenton-le-Pont (94),https://www.indeed.fr/jobs?q=Alternance%20data&l=Paris%20(75)&fromage=3&start=20&vjk=a00174ddfef3c93b
Cadreo,Data Engineer h/f,- Meudon (92),https://www.indeed.fr/jobs?q=Alternance%20data&l=Paris%20(75)&fromage=3&start=20&vjk=3254fb1fdb02d486
Aldi,Data Engineer h/f,- Villepinte (93),https://www.indeed.fr/jobs?q=Alternance%20data&l=Paris%20(75)&fromage=3&start=20&vjk=edd7e4725d4efd09
Système U,Data Engineer h/f,- Rungis (94),https://www.indeed.fr/jobs?q=Alternance%20data&l=Paris%20(75)&fromage=3&start=20&vjk=420eb9ab71347e0d
Cadreo,Data Engineer h/f,- Paris 1er (75),https://www.indeed.fr/jobs?q=Alternance%20data&l=Paris%20(75)&fromage=3&start=20&vjk=43204040d7189e87
Natixis,Data Engineer h/f,- Paris (75),https://www.indeed.fr/jobs?q=Alternance%20data&l=Paris%20(75)&fromage=3&start=20&vjk=c9908fe429aad396
Sanef,Data Engineer h/f,- Issy-les-Moulineaux (92),https://www.indeed.fr/jobs?q=Alternance%20data&l=Paris%20(75)&fromage=3&start=30&vjk=0ab067b51b1026b6
NATIXIS,Data Engineer h/f,- Paris (75),https://www.indeed.fr/jobs?q=Alternance%20data&l=Paris%20(75)&fromage=3&start=30&vjk=a1240ed60403ad5c
Chanel,Data Engineer h/f,- Paris (75),https://www.indeed.fr/jobs?q=Alternance%20data&l=Paris%20(75)&fromage=3&start=30&vjk=aeaa8c3bc667e64f
RANDSTAD INHOUSE SERVICES GPA,Data Engineer h/f,- Courbevoie (92),https://www.indeed.fr/jobs?q=Alternance%20data&l=Paris%20(75)&fromage=3&start=30&vjk=4962985708a848d0
Veolia,Data Engineer h/f,- Aubervilliers (93),https://www.indeed.fr/jobs?q=Alternance%20data&l=Paris%20(75)&fromage=3&start=30&vjk=da256b39ce94a62c
Randstad Inhouse,Data Engineer h/f,- Courbevoie (92),https://www.indeed.fr/jobs?q=Alternance%20data&l=Paris%20(75)&fromage=3&start=30&vjk=57e30faeb698fb70
Cadreo,Data Engineer h/f,- Courbevoie (92),https://www.indeed.fr/jobs?q=Alternance%20data&l=Paris%20(75)&fromage=3&start=30&vjk=5f8770d20869d642
Chanel,Data Engineer h/f,- Paris (75),https://www.indeed.fr/jobs?q=Alternance%20data&l=Paris%20(75)&fromage=3&start=30&vjk=f4500774e4657b04
Getpro,Data Engineer h/f,- Paris (75),https://www.indeed.fr/jobs?q=Alternance%20data&l=Paris%20(75)&fromage=3&start=30&vjk=5a154128c1e44f68
LIGUE NATIONALE CONTRE LE CANCER,Data Engineer h/f,- Paris 13e (75),https://www.indeed.fr/jobs?q=Alternance%20data&l=Paris%20(75)&fromage=3&start=30&vjk=9f6db774ea12b820
Proman,Data Engineer h/f,- Saint-Ouen (93),https://www.indeed.fr/jobs?q=Alternance%20data&l=Paris%20(75)&fromage=3&start=40&advn=1352446391118518&vjk=00e1f84b36586ad1
ISCOD,Data Engineer h/f,- Bourg-la-Reine (92),https://www.indeed.fr/jobs?q=Alternance%20data&l=Paris%20(75)&fromage=3&start=40&advn=4629412499192798&vjk=dd9b16902c548a7e
Total,Data Engineer h/f,- Nanterre (92),https://www.indeed.fr/jobs?q=Alternance%20data&l=Paris%20(75)&fromage=3&start=40&vjk=f5b2a019af5b8143
NATIXIS stage,Data Engineer h/f,- Paris 13e (75),https://www.indeed.fr/jobs?q=Alternance%20data&l=Paris%20(75)&fromage=3&start=40&vjk=9c5feffe6c116ba2
Nexity,Data Engineer h/f,- Paris 8e (75),https://www.indeed.fr/jobs?q=Alternance%20data&l=Paris%20(75)&fromage=3&start=40&vjk=b10a0668fccc7ed4
Acensi,Data Engineer h/f,- Paris (75),https://www.indeed.fr/jobs?q=Alternance%20data&l=Paris%20(75)&fromage=3&start=40&vjk=cd8774429e04a0d1
SOCIÉTÉ ALIMENTAIRE,Data Engineer h/f,- Sucy-en-Brie (94),https://www.indeed.fr/jobs?q=Alternance%20data&l=Paris%20(75)&fromage=3&start=40&vjk=d70822343f688048
Amundi Asset Management,Data Engineer h/f,- Paris (75),https://www.indeed.fr/jobs?q=Alternance%20data&l=Paris%20(75)&fromage=3&start=40&vjk=0cecb3c0775dad06
N/A,Data Engineer h/f,N/A,https://www.indeed.fr/jobs?q=Alternance%20data&l=Paris%20(75)&fromage=3&start=40&vjk=4ebd1137771d3c0f
FCM Travel Solutions,Data Engineer h/f,- Paris 8e (75),https://www.indeed.fr/jobs?q=Alternance%20data&l=Paris%20(75)&fromage=3&start=40&vjk=ae5af9e9e9d18375
AMNESTY INTERNATIONAL SECTION FRANCAISE,Data Engineer h/f,- Paris 19e (75),https://www.indeed.fr/jobs?q=Alternance%20data&l=Paris%20(75)&fromage=3&start=40&vjk=a405ec96db71c92f
Amnesty International,Data Engineer h/f,- Paris (75),https://www.indeed.fr/jobs?q=Alternance%20data&l=Paris%20(75)&fromage=3&start=40&vjk=40bd81dd407ad94c
Groupe GSRI - Geoscan Structure & Réhabilitation Ingénierie,Data Engineer h/f,#NAME?,https://www.indeed.fr/jobs?q=Alternance%20data&l=Paris%20(75)&fromage=3&start=40&vjk=8aa16c496373313a&advn=8842499751391061
ISCOD,Data Engineer h/f,- Paris (75),https://www.indeed.fr/jobs?q=Alternance%20data&l=Paris%20(75)&fromage=3&start=40&vjk=deac4f30a44641a1&advn=4629412499192798
Générationnel,Data Engineer h/f,- Paris 10e (75),https://www.indeed.fr/jobs?q=Alternance%20data&l=Paris%20(75)&fromage=3&start=50&vjk=cdad0009d95e83ce
X-Trade Brokers (XTB) France,Data Engineer h/f,- Paris (75),https://www.indeed.fr/jobs?q=Alternance%20data&l=Paris%20(75)&fromage=3&start=50&vjk=3bc5b77ca33eaf64
LLFC,Data Engineer h/f,- Bobigny (93),https://www.indeed.fr/jobs?q=Alternance%20data&l=Paris%20(75)&fromage=3&start=50&vjk=607258834851b110
Franfinance,Data Engineer h/f,- Nanterre (92),https://www.indeed.fr/jobs?q=Alternance%20data&l=Paris%20(75)&fromage=3&start=50&vjk=f245621c29265272
NATIXIS,Data Engineer h/f,- Paris (75),https://www.indeed.fr/jobs?q=Alternance%20data&l=Paris%20(75)&fromage=3&start=50&vjk=3cdfbb53ed6487de
Kuehne+Nagel,Data Engineer h/f,- Paris (75),https://www.indeed.fr/jobs?q=Alternance%20data&l=Paris%20(75)&fromage=3&start=50&vjk=61ad7605ea7ef4fe
GACD,Data Engineer h/f,- Paris 9e (75),https://www.indeed.fr/jobs?q=Alternance%20data&l=Paris%20(75)&fromage=3&start=50&vjk=cd1095712037043c
BBJ,Data Engineer h/f,- Rueil-Malmaison (92),https://www.indeed.fr/jobs?q=Alternance%20data&l=Paris%20(75)&fromage=3&start=50&vjk=abed821f3d0d3611
Orthlane,Data Engineer h/f,- La Courneuve (93),https://www.indeed.fr/jobs?q=Alternance%20data&l=Paris%20(75)&fromage=3&start=50&vjk=0ee233fd2ef57bb7
mozaik RH,Data Engineer h/f,- Paris 13e (75),https://www.indeed.fr/jobs?q=Alternance%20data&l=Paris%20(75)&fromage=3&start=50&vjk=085a84e1c4481e7b
ISCOD,Data Engineer h/f,- Charenton-le-Pont (94),https://www.indeed.fr/jobs?q=Alternance%20data&l=Paris%20(75)&fromage=3&start=50&vjk=f267555c5e927363&advn=4629412499192798
Franfinance,Data Engineer h/f,- Nanterre (92),https://www.indeed.fr/jobs?q=Alternance%20data&l=Paris%20(75)&fromage=3&start=60&vjk=9e949a6dc32b2b8a
PROGRESS SANTE,Data Engineer h/f,- Paris 10e (75),https://www.indeed.fr/jobs?q=Alternance%20data&l=Paris%20(75)&fromage=3&start=60&vjk=4534c8836c3f705e
Altares D&B,Data Engineer h/f,- Colombes (92),https://www.indeed.fr/jobs?q=Alternance%20data&l=Paris%20(75)&fromage=3&start=60&vjk=cac88d78b1eff9b5
LESENR,Data Engineer h/f,- Malakoff (92),https://www.indeed.fr/jobs?q=Alternance%20data&l=Paris%20(75)&fromage=3&start=60&vjk=64097b5eb961c439
Certinergy & Solutions,Data Engineer h/f,- Paris 14e (75),https://www.indeed.fr/jobs?q=Alternance%20data&l=Paris%20(75)&fromage=3&start=60&vjk=86dcf4ca0483b445
Facilitess,Data Engineer h/f,- Charenton-le-Pont (94),https://www.indeed.fr/jobs?q=Alternance%20data&l=Paris%20(75)&fromage=3&start=60&vjk=4ba1779c160dd4fb
Linkednutri,Data Engineer h/f,- Cachan (94),https://www.indeed.fr/jobs?q=Alternance%20data&l=Paris%20(75)&fromage=3&start=60&vjk=6cf8a3155e1886f6
Le Sanctuaire Holding,Data Engineer h/f,- Courbevoie (92),https://www.indeed.fr/jobs?q=Alternance%20data&l=Paris%20(75)&fromage=3&start=60&vjk=03e63b06345647f7
Direction des Systèmes d'Information et du Numérique - Ville de Paris,Data Engineer h/f,- Paris 12e (75),https://www.indeed.fr/jobs?q=Alternance%20data&l=Paris%20(75)&fromage=3&start=60&vjk=e0ed450d5a1739e1
TALENTIS HORIZON,Data Engineer h/f,#NAME?,https://www.indeed.fr/jobs?q=Alternance%20data&l=Paris%20(75)&fromage=3&start=60&vjk=f3b23f994b6a299f
PwC,Data Engineer h/f,- Neuilly-sur-Seine (92),https://www.indeed.fr/jobs?q=Alternance%20data&l=Paris%20(75)&fromage=3&start=70&vjk=4b06a7f9dc2ecec0
Université Paris Est Créteil Val de Marne,Data Engineer h/f,- Créteil (94),https://www.indeed.fr/jobs?q=Alternance%20data&l=Paris%20(75)&fromage=3&start=70&vjk=2bee9e30ffa1cdde
Cadreo,Data Engineer h/f,- Meudon (92),https://www.indeed.fr/jobs?q=Alternance%20data&l=Paris%20(75)&fromage=3&start=70&vjk=74c2de341c915b53
ALDI,Data Engineer h/f,- Villepinte (93),https://www.indeed.fr/jobs?q=Alternance%20data&l=Paris%20(75)&fromage=3&start=70&vjk=56fa96797e32b8d7
Cadreo,Data Engineer h/f,- Paris 1er (75),https://www.indeed.fr/jobs?q=Alternance%20data&l=Paris%20(75)&fromage=3&start=70&vjk=07c0b24a7a9ed25b
HAYS,Data Engineer h/f,- Paris (75),https://www.indeed.fr/jobs?q=Alternance%20data&l=Paris%20(75)&fromage=3&start=70&vjk=fc34111dab2abe67
Umanis,Data Engineer h/f,- Levallois-Perret (92),https://www.indeed.fr/jobs?q=Alternance%20data&l=Paris%20(75)&fromage=3&start=70&vjk=4dfa32240f16f764
SMAC,Data Engineer h/f,- Sarcelles (95),https://www.indeed.fr/jobs?q=Alternance%20data&l=Paris%20(75)&fromage=3&start=70&vjk=53fbd99ace609479
2SI - Evolukid,Data Engineer h/f,- Nanterre (92),https://www.indeed.fr/jobs?q=Alternance%20data&l=Paris%20(75)&fromage=3&start=70&vjk=2fcc0e56b5dda3fc
SOLINA,Data Engineer h/f,- Goussainville (95),https://www.indeed.fr/jobs?q=Alternance%20data&l=Paris%20(75)&fromage=3&start=70&vjk=8184fa01047b4e8f
MS GROUP Paris,Data Engineer h/f,- Levallois-Perret (92),https://www.indeed.fr/jobs?q=Alternance%20data&l=Paris%20(75)&fromage=3&start=80&vjk=3ef5a72421b86333
Ingeniance,Data Engineer h/f,- La Défense (92),https://www.indeed.fr/jobs?q=Alternance%20data&l=Paris%20(75)&fromage=3&start=80&vjk=13c6f8dee15d6e91
Carrefour,Data Engineer h/f,- Massy (91),https://www.indeed.fr/jobs?q=Alternance%20data&l=Paris%20(75)&fromage=3&start=80&vjk=d5bef36b7bf29be3
La Relève,Data Engineer h/f,- Paris (75),https://www.indeed.fr/jobs?q=Alternance%20data&l=Paris%20(75)&fromage=3&start=80&vjk=012dba954d104af1
Extia,Data Engineer h/f,- Paris (75),https://www.indeed.fr/jobs?q=Alternance%20data&l=Paris%20(75)&fromage=3&start=80&vjk=fcf87518e27fcc1c
NATIXIS stage,Data Engineer h/f,- Paris 1er (75),https://www.indeed.fr/jobs?q=Alternance%20data&l=Paris%20(75)&fromage=3&start=80&vjk=758e1f723afc8afd
Air Liquide,Data Engineer h/f,- Paris (75),https://www.indeed.fr/jobs?q=Alternance%20data&l=Paris%20(75)&fromage=3&start=80&vjk=50719ef91fa00932
LESENR,Data Engineer h/f,- Malakoff (92),https://www.indeed.fr/jobs?q=Alternance%20data&l=Paris%20(75)&fromage=3&start=80&vjk=a55f89a186079bbb
Rakuten France,Data Engineer h/f,- Paris 2e (75),https://www.indeed.fr/jobs?q=Alternance%20data&l=Paris%20(75)&fromage=3&start=80&vjk=5785e14085c17b31
BUREAU VERITAS,Data Engineer h/f,- La Défense (92),https://www.indeed.fr/jobs?q=Alternance%20data&l=Paris%20(75)&fromage=3&start=80&vjk=cc116ef98995c0bf
DEKRA,Data Engineer h/f,- Le Plessis-Robinson (92),https://www.indeed.fr/jobs?q=Alternance%20data&l=Paris%20(75)&fromage=3&start=90&vjk=a86733ebd6214d95
Expectra.fr,Data Engineer h/f,- Paris (75),https://www.indeed.fr/jobs?q=Alternance%20data&l=Paris%20(75)&fromage=3&start=90&vjk=6aa308e9f5ba9e39
Showroomprive.com,Data Engineer h/f,- Saint-Denis (93),https://www.indeed.fr/jobs?q=Alternance%20data&l=Paris%20(75)&fromage=3&start=90&vjk=c735fc225229a194
Paris Habitat,Data Engineer h/f,- Paris (75),https://www.indeed.fr/jobs?q=Alternance%20data&l=Paris%20(75)&fromage=3&start=90&vjk=143423b5390b8558
Gefco,Data Engineer h/f,- Puteaux (92),https://www.indeed.fr/jobs?q=Alternance%20data&l=Paris%20(75)&fromage=3&start=90&vjk=540dd443e299eb54
ELYAS CONSEIL,Data Engineer h/f,- Paris 16e (75),https://www.indeed.fr/jobs?q=Alternance%20data&l=Paris%20(75)&fromage=3&start=90&vjk=7709d09c8d9a08d3
Grand Paris Aménagement,Data Engineer h/f,- Paris (75),https://www.indeed.fr/jobs?q=Alternance%20data&l=Paris%20(75)&fromage=3&start=90&vjk=cb20132938a6d4fd
Ubisoft,Data Engineer h/f,- Paris (75),https://www.indeed.fr/jobs?q=Alternance%20data&l=Paris%20(75)&fromage=3&start=90&vjk=89c1ef7a671e4ba1
Ingeniance,Data Engineer h/f,- La Défense (92),https://www.indeed.fr/jobs?q=Alternance%20data&l=Paris%20(75)&fromage=3&start=90&vjk=0d093abd9eac69c4
ADISTA,Data Engineer h/f,- Massy (91),https://www.indeed.fr/jobs?q=Alternance%20data&l=Paris%20(75)&fromage=3&start=90&vjk=4b303aeb5b4c8d02
Ingeniance,Data Engineer h/f,- La Défense (92),https://www.indeed.fr/jobs?q=Alternance%20data&l=Paris%20(75)&fromage=3&start=100&vjk=99f8927a70cd076e
AEPBN Association Emmaüs Port Marly Bougival Nanterre,Data Engineer h/f,- Bougival (78),https://www.indeed.fr/jobs?q=Alternance%20data&l=Paris%20(75)&fromage=3&start=100&vjk=b661a70de4b6a543
N/A,Data Engineer h/f,N/A,https://www.indeed.fr/jobs?q=Alternance%20data&l=Paris%20(75)&fromage=3&start=100&vjk=54a1fc8f7678cb49
ACTIVUS Group,Data Engineer h/f,- Paris 15e (75),https://www.indeed.fr/jobs?q=Alternance%20data&l=Paris%20(75)&fromage=3&start=100&vjk=d4dd32dd9c2d8da1
Club Freelance,Data Engineer h/f,- Paris (75),https://www.indeed.fr/jobs?q=Alternance%20data&l=Paris%20(75)&fromage=3&start=100&vjk=7e5cad25d8a2c0e4
Dassault Systèmes,Data Engineer h/f,- Meudon (92),https://www.indeed.fr/jobs?q=Alternance%20data&l=Paris%20(75)&fromage=3&start=100&vjk=5e4b0bcf05e8f635
CRIT,Data Engineer h/f,- Massy (91),https://www.indeed.fr/jobs?q=Alternance%20data&l=Paris%20(75)&fromage=3&start=100&vjk=ce0b33d6b3bc0b7c
N/A,Data Engineer h/f,N/A,https://www.indeed.fr/jobs?q=Alternance%20data&l=Paris%20(75)&fromage=3&start=100&vjk=2b3803572fe217e5
ABIL RESSOURCES,Data Engineer h/f,- Paris (75),https://www.indeed.fr/jobs?q=Alternance%20data&l=Paris%20(75)&fromage=3&start=100&vjk=de47958aefe1597a
Abil Ressources,Data Engineer h/f,- Paris 1er (75),https://www.indeed.fr/jobs?q=Alternance%20data&l=Paris%20(75)&fromage=3&start=100&vjk=315d28a599aa1f57
LEON Recrutement,Data Engineer h/f,- Paris (75),https://www.indeed.fr/jobs?q=Alternance%20data&l=Paris%20(75)&fromage=3&start=110&vjk=5faae3a301d48379
DASSAULT SYSTEMES,Data Engineer h/f,- Vélizy-Villacoublay (78),https://www.indeed.fr/jobs?q=Alternance%20data&l=Paris%20(75)&fromage=3&start=110&vjk=fb5e7e31b7a5d901
G2F Conseil,Data Engineer h/f,#NAME?,https://www.indeed.fr/jobs?q=Alternance%20data&l=Paris%20(75)&fromage=3&start=110&vjk=a7ee77795aedab5f
Selescope,Data Engineer h/f,#NAME?,https://www.indeed.fr/jobs?q=Alternance%20data&l=Paris%20(75)&fromage=3&start=110&vjk=22f556fce9cd2567